<Babilonia_0>	<Q4837878>
<Babilonia_1>	<Q458773>
<Willmar_0>	<Q425660>
<Willmar_1>	<Q1986492>
<Willmar_2>	<Q8022177>
<Arundel_Castle_0>	<Q716667>
<Arundel_Castle_1>	<Q4802229>
<Ashok_Kumar_0>	<Q4805749>
<Ashok_Kumar_1>	<Q4805754>
<Ashok_Kumar_2>	<Q4805756>
<Ashok_Kumar_3>	<Q16200868>
<Ashok_Kumar_4>	<Q4805757>
<Ashok_Kumar_5>	<Q3899724>
<Mortal_Kombat_0>	<Q819196>
<Mortal_Kombat_1>	<Q241163>
<Mortal_Kombat_2>	<Q2074880>
<Mortal_Kombat_3>	<Q150294>
<Kelston_0>	<Q6386562>
<Kelston_1>	<Q17052336>
<Epirus_0>	<Q565751>
<Epirus_1>	<Q11266977>
<Epirus_2>	<Q2075786>
<Epirus_3>	<Q180484>
<Straitjacket_0>	<Q7621155>
<Straitjacket_1>	<Q7621137>
<Straitjacket_2>	<Q2077001>
<Straitjacket_3>	<Q1217802>
<Straitjacket_4>	<Q624635>
<Straitjacket_5>	<Q7620970>
<Marble_Canyon_0>	<Q6755165>
<Marble_Canyon_1>	<Q258691>
<Marble_Canyon_2>	<Q6755166>
<Marble_Canyon_3>	<Q734528>
<Foxfire_0>	<Q5477145>
<Foxfire_1>	<Q1440232>
<Foxfire_2>	<Q5477137>
<Foxfire_3>	<Q5477141>
<Foxfire_4>	<Q16253850>
<Foxfire_5>	<Q3210913>
<Foxfire_6>	<Q5477140>
<Foxfire_7>	<Q2653444>
<Battleaxe_0>	<Q852049>
<Battleaxe_1>	<Q2913219>
<Battleaxe_2>	<Q3537286>
<Genera_Plantarum_0>	<Q223963>
<Genera_Plantarum_1>	<Q76349>
<Genera_Plantarum_2>	<Q347903>
<Genera_Plantarum_3>	<Q78605>
<Genera_Plantarum_4>	<Q116003>
<Genera_Plantarum_5>	<Q1501516>
<Balao_0>	<Q699842>
<Balao_1>	<Q4850064>
<Balao_2>	<Q13581470>
<Shaolin_Temple_0>	<Q232771>
<Shaolin_Temple_1>	<Q600709>
<Shaolin_Temple_2>	<Q2084405>
<USBL_0>	<Q384864>
<USBL_1>	<Q7889576>
<Kralovice_0>	<Q1236096>
<Kralovice_1>	<Q1017240>
<Mike_Shanahan_0>	<Q1857407>
<Mike_Shanahan_1>	<Q17025605>
<Calla_0>	<Q930259>
<Calla_1>	<Q969980>
<Calla_2>	<Q2934082>
<Mark_Wilkinson_0>	<Q6770346>
<Mark_Wilkinson_1>	<Q6770347>
<Mark_Wilkinson_2>	<Q3288492>
<Ramsgate_0>	<Q7290259>
<Ramsgate_1>	<Q736439>
<Ramsgate_2>	<Q7290261>
<Daria_0>	<Q1165866>
<Daria_1>	<Q4155159>
<Ring_Road_0>	<Q7334742>
<Ring_Road_1>	<Q7334746>
<Ring_Road_2>	<Q7334743>
<Geordie_0>	<Q3760361>
<Geordie_1>	<Q653421>
<Geordie_2>	<Q499366>
<Geordie_3>	<Q5535599>
<Vulcain_0>	<Q3563803>
<Vulcain_1>	<Q44532>
<Vulcain_2>	<Q3563805>
<Seven_Samurai_0>	<Q189540>
<Seven_Samurai_1>	<Q3480792>
<Seven_Samurai_2>	<Q696224>
<Jerry_Adler_0>	<Q6183183>
<Jerry_Adler_1>	<Q2193305>
<Jerry_Adler_2>	<Q1687792>
<Splinter_0>	<Q3493688>
<Splinter_1>	<Q2082114>
<Splinter_2>	<Q5227527>
<Splinter_3>	<Q7578575>
<Splinter_4>	<Q2320121>
<Splinter_5>	<Q3966930>
<Splinter_6>	<Q7578576>
<Splinter_7>	<Q767976>
<Yule_log_0>	<Q890193>
<Yule_log_1>	<Q460653>
<Dalston_0>	<Q5211638>
<Dalston_1>	<Q2499366>
<Dalston_2>	<Q2496196>
<Žilina_0>	<Q25797>
<Žilina_1>	<Q394046>
<Peaches_0>	<Q3109005>
<Peaches_1>	<Q235095>
<Peaches_2>	<Q12126894>
<Peaches_3>	<Q17063439>
<Miguel_of_Portugal_0>	<Q464726>
<Miguel_of_Portugal_1>	<Q2083842>
<Shafi_0>	<Q7461017>
<Shafi_1>	<Q7461020>
<Aerodrome_0>	<Q960114>
<Aerodrome_1>	<Q4042598>
<Aerodrome_2>	<YQ37740>
<Brian_Roberts_0>	<Q4965138>
<Brian_Roberts_1>	<Q4965145>
<Brian_Roberts_2>	<Q4965143>
<Brian_Roberts_3>	<Q913008>
<Brian_Roberts_4>	<Q4965141>
<Brian_Roberts_5>	<Q4965139>
<Brian_Roberts_6>	<Q1057730>
<Alexander_Grigoriev_0>	<Q4719016>
<Alexander_Grigoriev_1>	<Q4149228>
<Key_West_0>	<Q6398104>
<Key_West_1>	<Q485186>
<Key_West_2>	<Q3814874>
<Key_West_3>	<Q1321158>
<Key_West_4>	<Q1187170>
<Serpico_0>	<Q7455139>
<Serpico_1>	<Q657079>
<Serpico_2>	<Q1142752>
<Plant_system_0>	<YQ34864>
<Plant_system_1>	<Q4498191>
<Black_Watch_0>	<Q2576462>
<Black_Watch_1>	<YQ33238>
<Black_Watch_2>	<Q2288804>
<Black_Watch_3>	<Q880616>
<Black_Watch_4>	<Q2568897>
<Black_Watch_5>	<Q3520023>
<Black_Watch_6>	<Q4922127>
<Joe_Wright_0>	<Q6213069>
<Joe_Wright_1>	<Q6213075>
<Joe_Wright_2>	<Q118817>
<Joe_Wright_3>	<Q6213073>
<Galahad_0>	<Q2177573>
<Galahad_1>	<Q831462>
<Galahad_2>	<Q1491653>
<Alexander_Thom_0>	<Q324269>
<Alexander_Thom_1>	<Q6128569>
<Alexander_Thom_2>	<Q4720211>
<Keith_Anderson_0>	<Q6383977>
<Keith_Anderson_1>	<Q2907569>
<Chestnut_Mountain_0>	<Q5093968>
<Chestnut_Mountain_1>	<Q5093969>
<Chestnut_Mountain_2>	<Q5093970>
<Edward_Osborne_0>	<Q5344700>
<Edward_Osborne_1>	<Q5344701>
<Clinton_0>	<Q5134029>
<Clinton_1>	<Q5134033>
<Clinton_2>	<Q5134278>
<Clinton_3>	<Q305349>
<Clinton_4>	<Q5134026>
<Clinton_5>	<Q3304540>
<Clinton_6>	<Q575118>
<Clinton_7>	<Q676421>
<Clinton_8>	<Q1515068>
<Clinton_9>	<Q2414182>
<Clinton_10>	<Q755090>
<Clinton_11>	<Q1049423>
<Clinton_12>	<Q1637388>
<Clinton_13>	<Q1181451>
<Clinton_14>	<Q80062>
<Clinton_15>	<Q5134031>
<Clinton_16>	<Q5134021>
<Clinton_17>	<Q5134027>
<Clinton_18>	<Q2741149>
<Clinton_19>	<Q2074188>
<Clinton_20>	<Q1101670>
<Clinton_21>	<Q964126>
<Clinton_22>	<Q1925091>
<Clinton_23>	<Q5134232>
<Clinton_24>	<Q1087573>
<Clinton_25>	<Q385697>
<Clinton_26>	<Q5134049>
<Clinton_27>	<Q1021657>
<Clinton_28>	<Q755130>
<Clinton_29>	<Q378782>
<Clinton_30>	<Q5134022>
<Clinton_31>	<Q483185>
<Clinton_32>	<Q541209>
<Clinton_33>	<Q2979345>
<Clinton_34>	<Q5134277>
<Clinton_35>	<Q5244175>
<Clinton_36>	<Q2346791>
<Clinton_37>	<YQ28146>
<Clinton_38>	<Q5134025>
<Clinton_39>	<Q2251630>
<Clinton_40>	<Q3461582>
<Clinton_41>	<Q655006>
<Clinton_42>	<Q540861>
<Clinton_43>	<Q1739379>
<Clinton_44>	<Q426209>
<Clinton_45>	<Q2684795>
<Graphite_0>	<Q5597229>
<Graphite_1>	<Q1027984>
<Bobèche_0>	<Q2908221>
<Bobèche_1>	<Q4936065>
<Avella_0>	<Q790383>
<Avella_1>	<Q55003>
<Boniface_II_0>	<Q879305>
<Boniface_II_1>	<Q103300>
<Boniface_II_2>	<Q2178197>
<Thomas_Lowry_0>	<Q3395757>
<Thomas_Lowry_1>	<Q15990143>
<Nabanna_0>	<Q3219687>
<Nabanna_1>	<Q15222967>
<Michael_Mansfield_0>	<Q1889152>
<Michael_Mansfield_1>	<Q6832497>
<Michelangelo_0>	<Q3431878>
<Michelangelo_1>	<Q607338>
<Michelangelo_2>	<Q323920>
<Michelangelo_3>	<Q5592>
<William_Burnett_0>	<Q16198519>
<William_Burnett_1>	<Q8006180>
<Bartleby_0>	<Q780407>
<Bartleby_1>	<Q2886062>
<Bartleby_2>	<Q3635302>
<Bartleby_3>	<Q4865354>
<America_America_0>	<Q4742739>
<America_America_1>	<Q1217057>
<Fusor_0>	<Q862458>
<Fusor_1>	<Q1027098>
<Krabi_0>	<Q1000353>
<Krabi_1>	<Q236769>
<Johnson_School_0>	<Q6268411>
<Johnson_School_1>	<Q1049535>
<Johnson_School_2>	<Q6268407>
<Supergirl_0>	<Q7643398>
<Supergirl_1>	<Q5243942>
<Supergirl_2>	<Q3977899>
<Supergirl_3>	<Q8981293>
<Supergirl_4>	<Q3832603>
<Supergirl_5>	<Q283134>
<Supergirl_6>	<Q3977897>
<Supergirl_7>	<Q738569>
<Supergirl_8>	<Q3677466>
<Supergirl_9>	<Q18844732>
<Material_0>	<Q6786536>
<Material_1>	<Q6786534>
<Material_2>	<Q3298452>
<Dororo_0>	<Q3037131>
<Dororo_1>	<Q250526>
<If_Not_for_You_0>	<Q5990661>
<If_Not_for_You_1>	<Q1095924>
<If_Not_for_You_2>	<Q976113>
<Ken_Starr_0>	<Q6389499>
<Ken_Starr_1>	<Q6391218>
<Ken_Starr_2>	<Q708241>
<Moritake_Tanabe_0>	<Q11539557>
<Moritake_Tanabe_1>	<Q11577368>
<Juan_Álvarez_0>	<Q460776>
<Juan_Álvarez_1>	<Q15438726>
<Juan_Álvarez_2>	<Q6301411>
<Juan_Álvarez_3>	<Q16146898>
<Vertigo_0>	<Q17151406>
<Vertigo_1>	<Q7922947>
<Vertigo_2>	<Q7922945>
<Vertigo_3>	<Q2255733>
<Vertigo_4>	<Q122669>
<Vertigo_5>	<Q7922946>
<Vertigo_6>	<Q202548>
<Vertigo_7>	<Q7922944>
<Vertigo_8>	<Q4348022>
<Vertigo_9>	<Q4010294>
<Vertigo_10>	<Q7922948>
<Vertigo_11>	<Q1951293>
<Vertigo_12>	<Q3556263>
<Vertigo_13>	<Q7922942>
<Vertigo_14>	<Q2085194>
<Angers_0>	<Q38380>
<Angers_1>	<Q4763139>
<Angers_2>	<Q1535135>
<Angers_3>	<Q845137>
<Disraeli_0>	<Q5282714>
<Disraeli_1>	<Q5282711>
<Disraeli_2>	<Q5282713>
<Disraeli_3>	<Q141452>
<Disraeli_4>	<Q5282710>
<Disraeli_5>	<Q82006>
<Disraeli_6>	<Q774800>
<Disraeli_7>	<Q3030627>
<Disraeli_8>	<YQ27275>
<Disraeli_9>	<Q5282712>
<Disraeli_10>	<Q983351>
<Disraeli_11>	<Q6778938>
<John_Oxley_0>	<Q16239224>
<John_Oxley_1>	<Q540949>
<Martin_Evans_0>	<Q6775398>
<Martin_Evans_1>	<Q207719>
<Iron_Cross_0>	<Q6072435>
<Iron_Cross_1>	<Q6072437>
<Iron_Cross_2>	<Q1673071>
<Iron_Cross_3>	<Q1852130>
<Iron_Cross_4>	<Q154554>
<Polly_0>	<Q7225764>
<Polly_1>	<Q11705901>
<Polly_2>	<Q6791084>
<Polly_3>	<Q2102192>
<Polly_4>	<Q7225765>
<Polly_5>	<YQ37741>
<Polly_6>	<Q7225761>
<The_Mystery_of_Edwin_Drood_0>	<Q1168105>
<The_Mystery_of_Edwin_Drood_1>	<Q3489942>
<The_Mystery_of_Edwin_Drood_2>	<Q683786>
<Tony_Blair_0>	<Q7821910>
<Tony_Blair_1>	<Q9545>
<Bill_Cartwright_0>	<Q862011>
<Bill_Cartwright_1>	<Q4908436>
<Clinic_0>	<Q120099>
<Clinic_1>	<Q600134>
<Clinic_2>	<Q2020153>
<Clinic_3>	<Q980327>
<Clinic_4>	<Q5133734>
<Clinic_5>	<Q7723409>
<Clinic_6>	<Q7723411>
<Clinic_7>	<Q5133737>
<Clinic_8>	<Q7723412>
<Clinic_9>	<Q10695465>
<Saint_Pantaleon_0>	<Q219340>
<Saint_Pantaleon_1>	<Q1429661>
<Saint_Pantaleon_2>	<Q378656>
<Saint_Pantaleon_3>	<Q535294>
<Saint_Pantaleon_4>	<Q386429>
<Searchlight_0>	<Q7441732>
<Searchlight_1>	<Q7441729>
<Searchlight_2>	<Q177756>
<Searchlight_3>	<Q787345>
<Searchlight_4>	<Q7441731>
<Everything_but_the_Girl_0>	<Q5418136>
<Everything_but_the_Girl_1>	<Q313779>
<John_Callaghan_0>	<Q14949540>
<John_Callaghan_1>	<Q6224824>
<Yard_0>	<Q1623285>
<Yard_1>	<Q663616>
<Master_of_Arts_0>	<Q6785149>
<Master_of_Arts_1>	<Q1284709>
<Master_of_Arts_2>	<Q2091008>
<Christopher_Nolan_0>	<Q25191>
<Christopher_Nolan_1>	<Q224912>
<Ceará_0>	<Q40123>
<Ceará_1>	<Q4958861>
<Yudh_0>	<Q17452711>
<Yudh_1>	<Q8060226>
<Meddler_0>	<Q13184891>
<Meddler_1>	<Q6805193>
<Sinn_Féin_0>	<Q7524640>
<Sinn_Féin_1>	<Q76382>
<Sinn_Féin_2>	<YQ29739>
<Andrew_Kerr_0>	<Q4757606>
<Andrew_Kerr_1>	<Q4757604>
<Andrew_Kerr_2>	<Q16980002>
<Andrew_Kerr_3>	<Q4757608>
<Andrew_Kerr_4>	<Q4757605>
<Leading_0>	<Q1765879>
<Leading_1>	<Q2027877>
<Leading_2>	<Q979988>
<Leading_3>	<Q6508714>
<Melusine_0>	<Q940279>
<Melusine_1>	<Q6813824>
<You've_Got_a_Friend_0>	<Q8056718>
<You've_Got_a_Friend_1>	<Q1813448>
<You've_Got_a_Friend_2>	<Q8056720>
<You've_Got_a_Friend_3>	<Q8056714>
<You've_Got_a_Friend_4>	<Q17050821>
<German_People's_Party_0>	<Q202590>
<German_People's_Party_1>	<Q316533>
<German_People's_Party_2>	<Q5551183>
<German_People's_Party_3>	<Q1204390>
<The_Red_0>	<Q7759832>
<The_Red_1>	<Q2136041>
<The_Red_2>	<Q12127079>
<The_Red_3>	<Q80845>
<Stephen_Conroy_0>	<Q7612252>
<Stephen_Conroy_1>	<Q16187019>
<Stephen_Conroy_2>	<Q7608936>
<Stephen_Conroy_3>	<Q2344980>
<Masudi_0>	<Q168705>
<Masudi_1>	<Q6785651>
<Masudi_2>	<Q6785650>
<Herten_0>	<Q2192796>
<Herten_1>	<Q3985>
<Waxwing_0>	<Q7975729>
<Waxwing_1>	<Q7975728>
<John_Oates_0>	<Q326383>
<John_Oates_1>	<Q6251088>
<William_Wagner_0>	<Q8019872>
<William_Wagner_1>	<Q6391239>
<Maudslay_0>	<Q860694>
<Maudslay_1>	<Q936499>
<Maudslay_2>	<Q2548284>
<Maudslay_3>	<Q6792340>
<Maudslay_4>	<Q1804586>
<Concatenation_0>	<Q5158265>
<Concatenation_1>	<Q300918>
<Concatenation_2>	<Q5158262>
<Endless_Road_0>	<Q17112956>
<Endless_Road_1>	<Q599256>
<Falkirk_0>	<Q623687>
<Falkirk_1>	<Q3138350>
<Falkirk_2>	<Q216802>
<Montet_0>	<Q67243>
<Montet_1>	<Q70397>
<Montet_2>	<Q689251>
<Montet_3>	<Q325783>
<Al_Aqabah_0>	<Q180522>
<Al_Aqabah_1>	<Q4782459>
<Alabama_Theatre_0>	<Q4705348>
<Alabama_Theatre_1>	<Q4705353>
<Alabama_Theatre_2>	<Q4705350>
<Astrid_0>	<Q19759>
<Astrid_1>	<Q4811409>
<Neverland_0>	<YQ29951>
<Neverland_1>	<Q1352415>
<Neverland_2>	<Q4185495>
<Neverland_3>	<Q7004405>
<Neverland_4>	<Q1646867>
<Neverland_5>	<Q16204197>
<Neverland_6>	<Q3875147>
<Neverland_7>	<Q7004404>
<Neverland_8>	<Q7004398>
<Neverland_9>	<Q3338862>
<The_Man_Who_Would_Be_King_0>	<Q1042931>
<The_Man_Who_Would_Be_King_1>	<Q1129936>
<Canajoharie_0>	<Q3460706>
<Canajoharie_1>	<Q5030952>
<To_Tell_the_Truth_0>	<Q16928414>
<To_Tell_the_Truth_1>	<Q872948>
<To_Tell_the_Truth_2>	<Q7811134>
<54_0>	<Q290669>
<54_1>	<Q1849161>
<54_2>	<Q607212>
<54_3>	<Q3599350>
<Body_Count_0>	<Q3652038>
<Body_Count_1>	<Q16984732>
<Body_Count_2>	<Q490529>
<Body_Count_3>	<Q890062>
<Body_Count_4>	<Q2908422>
<The_Man_Outside_0>	<Q7749890>
<The_Man_Outside_1>	<Q7749889>
<The_Man_Outside_2>	<Q1255949>
<Headgear_0>	<Q2941181>
<Headgear_1>	<Q5689580>
<Cilla_0>	<Q5120005>
<Cilla_1>	<YQ31237>
<Çandır_0>	<Q12054159>
<Çandır_1>	<Q8077517>
<Çandır_2>	<Q2367349>
<Çandır_3>	<Q4831685>
<Çandır_4>	<Q8002348>
<Siena_0>	<Q7511058>
<Siena_1>	<Q7511050>
<Siena_2>	<Q768054>
<Siena_3>	<Q7511074>
<Walter_Gilbey_0>	<Q7964961>
<Walter_Gilbey_1>	<Q7964963>
<Black_Stone_0>	<Q332449>
<Black_Stone_1>	<YQ32543>
<Black_Stone_2>	<Q4922378>
<Black_Stone_3>	<Q715286>
<Black_Stone_4>	<Q4921923>
<Russia_0>	<Q3708651>
<Russia_1>	<Q7381938>
<Russia_2>	<Q2477732>
<Russia_3>	<Q159>
<Sweden_0>	<Q3709888>
<Sweden_1>	<Q3450805>
<Sweden_2>	<Q7654285>
<Sweden_3>	<Q34>
<Sweden_4>	<Q7654287>
<Gear_0>	<Q3759150>
<Gear_1>	<Q5529454>
<Gear_2>	<Q5529456>
<Hollies_0>	<Q3139366>
<Hollies_1>	<Q282925>
<Club_Deportivo_Universidad_Católica_0>	<Q427446>
<Club_Deportivo_Universidad_Católica_1>	<Q16249371>
<Guangchang_0>	<Q1356872>
<Guangchang_1>	<Q5613620>
<Mike_0>	<Q6716066>
<Mike_1>	<Q6845814>
<West_Island_0>	<Q7985560>
<West_Island_1>	<Q7985559>
<West_Island_2>	<Q2564277>
<Passion_play_0>	<Q300514>
<Passion_play_1>	<Q212822>
<Condorcet_0>	<Q2992321>
<Condorcet_1>	<Q2641456>
<Condorcet_2>	<Q768686>
<Condorcet_3>	<Q201477>
<Condorcet_4>	<Q831304>
<Condorcet_5>	<Q868720>
<Condorcet_6>	<Q766142>
<Condorcet_7>	<Q5159350>
<Aude_0>	<Q4819661>
<Aude_1>	<Q6277701>
<Aude_2>	<Q4819662>
<Aude_3>	<Q867007>
<Aude_4>	<Q214240>
<Aude_5>	<Q7647523>
<Aude_6>	<Q3207>
<Aude_7>	<Q3459161>
<Aude_8>	<Q5388468>
<Aude_9>	<Q7323170>
<Catherine_Howard_0>	<Q5052734>
<Catherine_Howard_1>	<Q188926>
<Magill_0>	<Q3843205>
<Magill_1>	<Q12061437>
<O'Reilly_0>	<Q1065097>
<O'Reilly_1>	<Q21482671>
<O'Reilly_2>	<Q7071951>
<Kõpu_0>	<Q3466941>
<Kõpu_1>	<Q2026586>
<Kõpu_2>	<Q2195481>
<Kõpu_3>	<Q3058467>
<Matthew_Fox_0>	<Q10471855>
<Matthew_Fox_1>	<Q6788662>
<Matthew_Fox_2>	<Q16740134>
<Matthew_Fox_3>	<Q3299453>
<Victory_0>	<Q16944872>
<Victory_1>	<Q7927445>
<Victory_2>	<Q4011316>
<Victory_3>	<Q3557758>
<Victory_4>	<Q4026976>
<Victory_5>	<Q3460538>
<Victory_6>	<Q729906>
<Victory_7>	<Q7927453>
<Victory_8>	<Q17128142>
<Victory_9>	<Q4167476>
<Victory_10>	<Q17088519>
<Victory_11>	<Q7927440>
<Victory_12>	<Q46465>
<Victory_13>	<Q7927444>
<Victory_14>	<Q7927441>
<Victory_15>	<Q7927451>
<Victory_16>	<Q7927452>
<Victory_17>	<Q3475694>
<Victory_18>	<Q979890>
<Victory_19>	<Q1988355>
<Victory_20>	<Q878730>
<Victory_21>	<YQ30453>
<Victory_22>	<Q7927449>
<Victory_23>	<Q7927442>
<Victory_24>	<Q7927454>
<Victory_25>	<Q4366190>
<Victory_26>	<Q7927448>
<Michael_Wolff_0>	<Q439955>
<Michael_Wolff_1>	<Q6835425>
<Bahamut_0>	<Q16240823>
<Bahamut_1>	<Q794547>
<Rez_0>	<Q7319708>
<Rez_1>	<Q1056069>
<Rez_2>	<Q7349095>
<Rez_3>	<Q7760598>
<Avesnes_0>	<Q854480>
<Avesnes_1>	<Q1112707>
<Avesnes_2>	<Q841341>
<Avesnes_3>	<Q925388>
<Avesnes_4>	<Q217178>
<Avesnes_5>	<Q700546>
<Avesnes_6>	<Q851803>
<Avesnes_7>	<Q45688>
<Avesnes_8>	<Q736341>
<Avesnes_9>	<Q1116747>
<Avesnes_10>	<Q1223917>
<The_Barber_0>	<Q2409630>
<The_Barber_1>	<Q7715605>
<The_Barber_2>	<Q7715602>
<Arpaçay_0>	<Q698806>
<Arpaçay_1>	<Q4795737>
<Backspacer_0>	<Q4839741>
<Backspacer_1>	<Q4839736>
<Moai_0>	<Q20350>
<Moai_1>	<Q6886359>
<Starting_Out_0>	<Q7602572>
<Starting_Out_1>	<Q7602571>
<Fordham_Road_0>	<Q681005>
<Fordham_Road_1>	<Q5468076>
<Fordham_Road_2>	<Q1930001>
<Occident_0>	<Q1788741>
<Occident_1>	<Q3083781>
<Burning_bush_0>	<Q4117752>
<Burning_bush_1>	<Q2643074>
<Burning_bush_2>	<Q4117747>
<Burning_bush_3>	<Q4999826>
<Burning_bush_4>	<Q4999823>
<Burning_bush_5>	<Q161113>
<Burning_bush_6>	<Q160578>
<Burning_bush_7>	<Q82757>
<Ryman_0>	<Q2178269>
<Ryman_1>	<Q7385188>
<These_Foolish_Things_0>	<Q780019>
<These_Foolish_Things_1>	<Q7783378>
<These_Foolish_Things_2>	<Q2430487>
<Beak_0>	<Q4876105>
<Beak_1>	<Q4876102>
<Beak_2>	<Q2278480>
<Beak_3>	<Q3182504>
<Roger_Corbet_0>	<Q16205560>
<Roger_Corbet_1>	<Q16197731>
<Roger_Corbet_2>	<Q16257287>
<Brian_Simmons_0>	<Q4965298>
<Brian_Simmons_1>	<Q4965297>
<Brian_Simmons_2>	<Q16223962>
<Punch_bowl_0>	<Q7259932>
<Punch_bowl_1>	<Q7084798>
<Punch_bowl_2>	<Q7164036>
<Punch_bowl_3>	<Q7758738>
<Big_Ben_0>	<Q858516>
<Big_Ben_1>	<Q4905078>
<Big_Ben_2>	<Q4905080>
<Big_Ben_3>	<Q4905082>
<Big_Ben_4>	<Q41225>
<Briseis_0>	<Q4968666>
<Briseis_1>	<Q244318>
<Briseis_2>	<Q4969148>
<Briseis_3>	<Q4968665>
<D'Arenberg_0>	<Q2871297>
<D'Arenberg_1>	<Q480113>
<Abby_0>	<Q4664439>
<Abby_1>	<Q3603338>
<Fernando_Pereira_0>	<Q2022035>
<Fernando_Pereira_1>	<Q1281014>
<Fernando_Pereira_2>	<Q705436>
<The_Elephant_Man_0>	<Q7731758>
<The_Elephant_Man_1>	<Q15222373>
<The_Elephant_Man_2>	<Q129937>
<The_Elephant_Man_3>	<Q215762>
<The_Elephant_Man_4>	<Q272860>
<The_Elephant_Man_5>	<Q5925489>
<The_Elephant_Man_6>	<Q5359416>
<Changi_0>	<Q5071975>
<Changi_1>	<Q1812824>
<Kobylice_0>	<Q6424606>
<Kobylice_1>	<Q1724055>
<Science_Ninja_Team_Gatchaman_0>	<Q9268679>
<Science_Ninja_Team_Gatchaman_1>	<Q10269885>
<Science_Ninja_Team_Gatchaman_2>	<Q2351529>
<Science_Ninja_Team_Gatchaman_3>	<Q700127>
<Science_Ninja_Team_Gatchaman_4>	<Q5526968>
<Ridge_0>	<Q7332674>
<Ridge_1>	<Q7332666>
<Ridge_2>	<Q7332661>
<Ridge_3>	<Q1772911>
<Ridge_4>	<Q7332660>
<Ridge_5>	<Q3461788>
<Timberyard_0>	<Q7804726>
<Timberyard_1>	<Q10436913>
<Stargazing_0>	<YQ26574>
<Stargazing_1>	<Q7601880>
<John_Shirley_0>	<Q1346126>
<John_Shirley_1>	<Q6257715>
<Jeopardy_0>	<Q16997683>
<Jeopardy_1>	<Q3211698>
<Jeopardy_2>	<Q2321243>
<Jeopardy_3>	<Q3407219>
<Jeopardy_4>	<Q499767>
<HVV_0>	<Q14705612>
<HVV_1>	<Q138655>
<HVV_2>	<Q896916>
<Air_force_0>	<Q4039761>
<Air_force_1>	<Q16147118>
<Air_force_2>	<Q1425082>
<Air_force_3>	<Q7373874>
<Air_force_4>	<Q4698691>
<Air_force_5>	<Q285510>
<Interiors_0>	<Q961403>
<Interiors_1>	<Q3153178>
<Interiors_2>	<Q13565116>
<Interiors_3>	<Q6046757>
<Interiors_4>	<Q6046759>
<Parikrama_0>	<Q1958141>
<Parikrama_1>	<Q7137093>
<Ecology_0>	<Q1013420>
<Ecology_1>	<Q5333275>
<Yazdanabad_0>	<Q5824167>
<Yazdanabad_1>	<Q8050595>
<Yazdanabad_2>	<Q8050586>
<Yazdanabad_3>	<Q5805344>
<Yazdanabad_4>	<Q17087769>
<Yazdanabad_5>	<Q8050597>
<Yazdanabad_6>	<Q8050584>
<Yazdanabad_7>	<Q8050593>
<Yazdanabad_8>	<Q8050591>
<Amok_0>	<Q4747483>
<Amok_1>	<Q2710157>
<Amok_2>	<Q4747481>
<Amok_3>	<Q3180636>
<Amok_4>	<Q675609>
<Amok_5>	<Q3282654>
<Amok_6>	<Q691755>
<Amok_7>	<Q4747488>
<Paint_0>	<Q15053644>
<Paint_1>	<Q1182647>
<Rapa_Nui_0>	<Q852486>
<Rapa_Nui_1>	<Q664318>
<Rapa_Nui_2>	<Q14452>
<Rapa_Nui_3>	<Q7293859>
<Rapa_Nui_4>	<Q1763364>
<Rapa_Nui_5>	<Q36746>
<Rapa_Nui_6>	<Q1358329>
<Brigade_0>	<Q4891386>
<Brigade_1>	<Q4967151>
<Brigade_2>	<Q1939893>
<Lord_Harris_0>	<Q3528938>
<Lord_Harris_1>	<Q3418261>
<Lord_Harris_2>	<Q5540255>
<Lord_Harris_3>	<Q6237911>
<Lord_Harris_4>	<Q5540256>
<Lord_Harris_5>	<Q336592>
<Lord_Harris_6>	<Q576669>
<Lord_Harris_7>	<Q8010911>
<People_Get_Ready_0>	<Q7165875>
<People_Get_Ready_1>	<Q7165874>
<People_Get_Ready_2>	<Q7165876>
<Black_panther_0>	<Q7718406>
<Black_panther_1>	<Q495177>
<Black_panther_2>	<Q4922418>
<Black_panther_3>	<Q189150>
<Black_panther_4>	<Q162043>
<Black_panther_5>	<Q998220>
<Black_panther_6>	<Q16842799>
<Black_panther_7>	<Q1436867>
<Black_panther_8>	<Q615855>
<Just_William_0>	<Q6316451>
<Just_William_1>	<Q6316463>
<Just_William_2>	<Q3964873>
<Just_William_3>	<Q6316461>
<McKinnon_0>	<Q15252554>
<McKinnon_1>	<Q6801991>
<McKinnon_2>	<Q1306849>
<Communist_Party_of_Canada_0>	<Q5154343>
<Communist_Party_of_Canada_1>	<Q2160378>
<Communist_Party_of_Canada_2>	<Q2344321>
<Communist_Party_of_Canada_3>	<Q5154362>
<Communist_Party_of_Canada_4>	<Q5154347>
<Naulochus_0>	<Q406649>
<Naulochus_1>	<Q676692>
<Naulochus_2>	<Q2449559>
<Spoke_0>	<Q3502456>
<Spoke_1>	<Q7578916>
<Spoke_2>	<Q7578914>
<Friday_the_13th_0>	<Q1243029>
<Friday_the_13th_1>	<Q1138878>
<Friday_the_13th_2>	<Q204372>
<Friday_the_13th_3>	<Q1454815>
<Liam_0>	<Q1822645>
<Liam_1>	<Q1822658>
<Javadiyeh_0>	<Q5704433>
<Javadiyeh_1>	<Q5800156>
<Javadiyeh_2>	<Q3163109>
<Javadiyeh_3>	<Q5839662>
<Javadiyeh_4>	<Q5746286>
<Javadiyeh_5>	<Q5801992>
<Javadiyeh_6>	<Q5820845>
<Javadiyeh_7>	<Q5852784>
<Javadiyeh_8>	<Q5845536>
<Langley_Hall_0>	<Q6486254>
<Langley_Hall_1>	<Q6486258>
<Langley_Hall_2>	<Q6486256>
<The_Game_of_Life_0>	<Q6202748>
<The_Game_of_Life_1>	<Q1319521>
<The_Game_of_Life_2>	<Q3987170>
<The_Game_of_Life_3>	<Q7735724>
<The_Game_of_Life_4>	<Q7735726>
<Čitluk_0>	<Q341565>
<Čitluk_1>	<Q2420022>
<Čitluk_2>	<Q3511106>
<Pterodactyl_0>	<Q309490>
<Pterodactyl_1>	<Q608071>
<College_0>	<Q1195904>
<College_1>	<Q3682846>
<College_2>	<Q996048>
<College_3>	<Q5146316>
<College_4>	<Q5146314>
<College_5>	<Q2422019>
<College_6>	<Q2706811>
<College_7>	<Q728520>
<Michałowo_0>	<Q6836120>
<Michałowo_1>	<Q6836116>
<Michałowo_2>	<Q6836113>
<Michałowo_3>	<Q6836121>
<Michałowo_4>	<Q6836115>
<Michałowo_5>	<Q11779444>
<Michałowo_6>	<Q6836118>
<Michałowo_7>	<Q6836109>
<Michałowo_8>	<Q6836117>
<Michałowo_9>	<Q6836107>
<Michałowo_10>	<Q11779442>
<Michałowo_11>	<Q2364639>
<Michałowo_12>	<Q6836112>
<Mildred_Pierce_0>	<Q981052>
<Mildred_Pierce_1>	<Q979726>
<Orahovica_0>	<Q1268220>
<Orahovica_1>	<Q3130175>
<Orahovica_2>	<Q331726>
<Orahovica_3>	<Q1267372>
<Kate_Lee_0>	<Q6375598>
<Kate_Lee_1>	<Q6375597>
<Seven_Wishes_0>	<Q7784585>
<Seven_Wishes_1>	<Q668083>
<Stahlberg_0>	<Q7596980>
<Stahlberg_1>	<Q5495844>
<Stahlberg_2>	<Q357424>
<Stahlberg_3>	<Q676272>
<Stahlberg_4>	<Q214029>
<Stahlberg_5>	<Q966553>
<Kilsyth_0>	<Q6408209>
<Kilsyth_1>	<Q6408213>
<Kilsyth_2>	<Q6408212>
<Kilsyth_3>	<Q1010328>
<Donald_Trump_0>	<Q5295230>
<Donald_Trump_1>	<Q3713654>
<Donald_Trump_2>	<Q22686>
<William_Kaye_0>	<Q8013863>
<William_Kaye_1>	<Q14945504>
<Athlone_0>	<Q17004653>
<Athlone_1>	<Q4815604>
<Athlone_2>	<Q369911>
<Athlone_3>	<Q4815601>
<Athlone_4>	<Q4815598>
<Athlone_5>	<Q4815603>
<Athlone_6>	<Q4815602>
<Athlone_7>	<Q4815600>
<Athlone_8>	<Q2539469>
<Embassy_Row_0>	<Q4572308>
<Embassy_Row_1>	<Q5369521>
<Embassy_Row_2>	<Q16962429>
<Headphones_0>	<Q5689860>
<Headphones_1>	<Q5689858>
<Headphones_2>	<Q957147>
<Headphones_3>	<Q186819>
<John_Craven_0>	<Q16828352>
<John_Craven_1>	<Q5662900>
<John_Craven_2>	<Q6225898>
<John_Craven_3>	<Q6227525>
<John_Craven_4>	<Q6227526>
<John_Craven_5>	<Q6227523>
<John_Craven_6>	<Q6227528>
<AJS_0>	<Q465376>
<AJS_1>	<Q4652083>
<AJS_2>	<Q4745615>
<AJS_3>	<Q4809541>
<AJS_4>	<Q278301>
<Northeastern_University_0>	<Q1363559>
<Northeastern_University_1>	<Q37548>
<Northeastern_University_2>	<Q9091588>
<Tambourine_0>	<Q7681073>
<Tambourine_1>	<Q2066207>
<Jumble_0>	<Q6310826>
<Jumble_1>	<Q6310829>
<Jumble_2>	<Q6310822>
<John_Dryden_0>	<Q213355>
<John_Dryden_1>	<Q6230206>
<John_Dryden_2>	<Q6230205>
<John_Dryden_3>	<Q6230204>
<Edenton_0>	<Q2028258>
<Edenton_1>	<Q14716408>
<Surrey_0>	<Q23276>
<Surrey_1>	<Q523979>
<Surrey_2>	<Q390583>
<Surrey_3>	<Q1256079>
<John_Hancock_0>	<Q6237556>
<John_Hancock_1>	<Q272774>
<John_Hancock_2>	<Q1700357>
<John_Hancock_3>	<Q1700359>
<Lark_0>	<Q6489542>
<Lark_1>	<Q33780>
<Lark_2>	<Q6489548>
<Lark_3>	<Q6489545>
<Lark_4>	<Q6489541>
<Lark_5>	<Q16995896>
<Massa_0>	<Q6784102>
<Massa_1>	<Q17121660>
<Massa_2>	<Q13370>
<Massa_3>	<Q3100282>
<Dingle_0>	<Q5278210>
<Dingle_1>	<Q2724332>
<Dingle_2>	<Q274780>
<Dingle_3>	<Q14875769>
<Dingle_4>	<Q5278217>
<Dingle_5>	<Q1807347>
<Dingle_6>	<Q1127558>
<Dingle_7>	<Q5278208>
<Abdul_Muttalib_0>	<Q380479>
<Abdul_Muttalib_1>	<Q293599>
<Abdul_Muttalib_2>	<Q4831972>
<Abdul_Muttalib_3>	<Q34408>
<Abdul_Muttalib_4>	<YQ26482>
<William_Carlin_0>	<Q8006557>
<William_Carlin_1>	<Q8021414>
<Hampshire_0>	<Q5646029>
<Hampshire_1>	<Q23204>
<Hampshire_2>	<Q5646025>
<Hampshire_3>	<Q2463662>
<Asana_0>	<Q4803504>
<Asana_1>	<Q4468073>
<Asana_2>	<Q424851>
<Plumber_0>	<Q3906772>
<Plumber_1>	<YQ30474>
<Hilden_0>	<Q5761654>
<Hilden_1>	<Q4094>
<Transistor_0>	<Q13417084>
<Transistor_1>	<Q7834311>
<Transistor_2>	<Q7834310>
<Adrenaline_0>	<Q21775647>
<Adrenaline_1>	<Q1076682>
<Adrenaline_2>	<Q4684725>
<Adamson_0>	<Q133496>
<Adamson_1>	<Q3244291>
<Adamson_2>	<Q4680499>
<The_Nearness_of_You_0>	<Q7753334>
<The_Nearness_of_You_1>	<Q279111>
<The_Nearness_of_You_2>	<Q7753335>
<La_bohème_0>	<Q984983>
<La_bohème_1>	<Q188621>
<La_bohème_2>	<Q3213615>
<La_bohème_3>	<Q1748703>
<La_bohème_4>	<Q1948858>
<La_bohème_5>	<Q2635232>
<La_bohème_6>	<Q3824906>
<La_bohème_7>	<Q6461273>
<La_bohème_8>	<Q1638184>
<Fort_Williams_0>	<Q8564795>
<Fort_Williams_1>	<Q5472356>
<Fort_Williams_2>	<Q5472355>
<Fort_Williams_3>	<Q5472353>
<Clark_Field_0>	<Q5127221>
<Clark_Field_1>	<Q1095676>
<Benin_0>	<Q962>
<Benin_1>	<Q248101>
<Harry_Hooper_0>	<Q5669797>
<Harry_Hooper_1>	<Q326958>
<Harry_Hooper_2>	<Q5669794>
<Harry_Hooper_3>	<Q219348>
<KML_0>	<Q2630379>
<KML_1>	<Q79587>
<Alfred_Roberts_0>	<Q2340383>
<Alfred_Roberts_1>	<Q4721747>
<East_Street_0>	<Q5329435>
<East_Street_1>	<Q5329433>
<Richard_Osborne_0>	<Q7328198>
<Richard_Osborne_1>	<Q7328200>
<Richard_Osborne_2>	<Q7328199>
<Richard_Osborne_3>	<Q16847278>
<Primate_0>	<Q326330>
<Primate_1>	<Q7243201>
<Primate_2>	<Q938516>
<Zend_0>	<Q8069026>
<Zend_1>	<Q189473>
<Zend_2>	<Q2341591>
<Zend_3>	<Q189475>
<Zend_4>	<Q8069025>
<Dunfermline_0>	<Q211950>
<Dunfermline_1>	<Q5315040>
<Dunfermline_2>	<Q1265614>
<ALY_0>	<Q4731331>
<ALY_1>	<Q162442>
<Battleship_0>	<Q474033>
<Battleship_1>	<Q4873222>
<Battleship_2>	<Q4873226>
<Battleship_3>	<Q842594>
<Battleship_4>	<Q4873225>
<Battleship_5>	<Q3636876>
<Battleship_6>	<Q2891857>
<Nunzio_0>	<Q3879513>
<Nunzio_1>	<Q1707726>
<Nunzio_2>	<Q1260305>
<Nunzio_3>	<Q3339737>
<Nunzio_4>	<Q16013933>
<Nunzio_5>	<Q2005172>
<Nunzio_6>	<Q1397907>
<Nunzio_7>	<Q470871>
<Afternoon_Delight_0>	<Q4690772>
<Afternoon_Delight_1>	<Q2056590>
<Afternoon_Delight_2>	<Q4690774>
<Gedo_0>	<Q467809>
<Gedo_1>	<Q856719>
<Jane_Hamilton_0>	<Q270386>
<Jane_Hamilton_1>	<Q6152176>
<Jane_Hamilton_2>	<Q6152799>
<Lave_0>	<Q6502463>
<Lave_1>	<Q6502462>
<Lave_2>	<Q1685635>
<Eastland_0>	<Q5330738>
<Eastland_1>	<Q5330720>
<Eastland_2>	<Q723926>
<Eastland_3>	<Q981858>
<Eastland_4>	<Q5330716>
<Eastland_5>	<Q156270>
<Copa_America_0>	<Q5168159>
<Copa_America_1>	<Q178750>
<Richard_Manning_0>	<Q3934735>
<Richard_Manning_1>	<Q15454301>
<Richard_Manning_2>	<Q3431576>
<Richard_Manning_3>	<Q2149870>
<Richard_Manning_4>	<Q1646835>
<Richard_Manning_5>	<Q1742104>
<Richard_Manning_6>	<Q4961254>
<Assiniboine_0>	<Q220503>
<Assiniboine_1>	<Q3569374>
<Assiniboine_2>	<Q5470754>
<Assiniboine_3>	<Q682808>
<Assiniboine_4>	<Q4808910>
<Assiniboine_5>	<Q1818436>
<Melodrama_0>	<Q6813411>
<Melodrama_1>	<Q6813408>
<Legion_of_Mary_0>	<Q1514300>
<Legion_of_Mary_1>	<Q641094>
<Air_0>	<Q4697701>
<Air_1>	<Q406714>
<Air_2>	<Q3201665>
<Air_3>	<Q406704>
<Air_4>	<Q405497>
<Air_5>	<Q4697706>
<Air_6>	<Q862245>
<Air_7>	<YQ29772>
<Air_8>	<Q4697707>
<Air_9>	<Q2637489>
<Air_10>	<Q16157049>
<Air_11>	<Q2202476>
<When_Will_I_See_You_Again_0>	<Q1943050>
<When_Will_I_See_You_Again_1>	<Q17049775>
<When_Will_I_See_You_Again_2>	<Q3436137>
<Gordon_Campbell_0>	<Q627888>
<Gordon_Campbell_1>	<Q1537987>
<Gordon_Campbell_2>	<Q5585670>
<Gordon_Campbell_3>	<Q16750537>
<Gordon_Campbell_4>	<Q5584953>
<Ice_storm_0>	<Q4835233>
<Ice_storm_1>	<Q1193138>
<Ice_storm_2>	<Q7741289>
<Ice_storm_3>	<Q5985533>
<Jared_0>	<Q2001193>
<Jared_1>	<Q927410>
<Falcons_0>	<Q1990713>
<Falcons_1>	<Q1170726>
<Ocean_Star_0>	<Q7076073>
<Ocean_Star_1>	<Q7076080>
<Whoopi_0>	<Q478953>
<Whoopi_1>	<Q7960985>
<Behemoth_0>	<Q662312>
<Behemoth_1>	<Q272260>
<Powerglide_0>	<Q7236706>
<Powerglide_1>	<Q3400965>
<Powerglide_2>	<Q4271778>
<William_Buckland_0>	<Q312389>
<William_Buckland_1>	<Q8006093>
<Belfast_0>	<Q4882233>
<Belfast_1>	<Q301107>
<Belfast_2>	<Q3708761>
<Belfast_3>	<Q2075675>
<Belfast_4>	<Q4882234>
<Belfast_5>	<Q4882228>
<Belfast_6>	<Q1132483>
<Belfast_7>	<Q10686>
<Belfast_8>	<Q3637566>
<Belfast_9>	<Q2894321>
<Belfast_10>	<Q2894317>
<Belfast_11>	<Q4882224>
<Belfast_12>	<Q4882236>
<Ad_hoc_0>	<Q4678154>
<Ad_hoc_1>	<Q4085781>
<Ad_hoc_2>	<Q2868006>
<Ad_hoc_3>	<Q282072>
<Longshanks_0>	<Q57798>
<Longshanks_1>	<Q6674277>
<Nepal_0>	<Q2843253>
<Nepal_1>	<Q837>
<WIQI_0>	<Q7953111>
<WIQI_1>	<Q7950871>
<WIQI_2>	<Q7951871>
<Quintal_0>	<Q607936>
<Quintal_1>	<Q386085>
<I_Kissed_a_Girl_0>	<Q155512>
<I_Kissed_a_Girl_1>	<Q2604772>
<Ladik_0>	<Q2279679>
<Ladik_1>	<Q170967>
<$_0>	<Q1195819>
<$_1>	<Q4540361>
<Charisma_0>	<Q25518>
<Charisma_1>	<Q5074394>
<Charisma_2>	<Q5074397>
<Charisma_3>	<Q2957840>
<Wolfhound_0>	<Q717334>
<Wolfhound_1>	<Q2911617>
<Wolfhound_2>	<Q6548912>
<Wolfhound_3>	<Q4123508>
<Wolfhound_4>	<Q3523409>
<Wolfhound_5>	<Q3589812>
<Wolfhound_6>	<Q6068556>
<Wolfhound_7>	<Q33189>
<High_ground_0>	<Q5755575>
<High_ground_1>	<Q7739596>
<High_ground_2>	<Q6909113>
<Grey_Gardens_0>	<Q5608161>
<Grey_Gardens_1>	<Q2271049>
<Grey_Gardens_2>	<Q5608162>
<Grey_Gardens_3>	<Q2104352>
<Koidu_0>	<Q3087622>
<Koidu_1>	<YQ36107>
<Koidu_2>	<Q2473906>
<Koidu_3>	<Q12367213>
<Cormorant_0>	<Q1133094>
<Cormorant_1>	<Q3439055>
<Cormorant_2>	<Q5170992>
<Cormorant_3>	<Q5170989>
<Assiniboia_0>	<Q4808902>
<Assiniboia_1>	<Q2867183>
<Assiniboia_2>	<Q704679>
<Assiniboia_3>	<Q742048>
<Randy_West_0>	<Q7292508>
<Randy_West_1>	<Q7292507>
<Fahrenheit_0>	<Q1753581>
<Fahrenheit_1>	<Q1756173>
<Fahrenheit_2>	<Q5429604>
<Fahrenheit_3>	<Q5429602>
<Fahrenheit_4>	<Q202493>
<Fahrenheit_5>	<Q1327449>
<Fahrenheit_6>	<Q713435>
<Fahrenheit_7>	<Q5429603>
<Fahrenheit_8>	<Q42289>
<Fahrenheit_9>	<Q16977058>
<John_McDonnell_0>	<Q6247662>
<John_McDonnell_1>	<Q6267228>
<John_McDonnell_2>	<Q6247666>
<John_McDonnell_3>	<Q10379941>
<Blackbuck_0>	<Q1340951>
<Blackbuck_1>	<Q1968528>
<Street_Love_0>	<Q17126354>
<Street_Love_1>	<Q586133>
<Nicholas_Sparks_0>	<Q7026240>
<Nicholas_Sparks_1>	<Q219377>
<Thor's_Hammer_0>	<Q3480823>
<Thor's_Hammer_1>	<Q17104458>
<Thor's_Hammer_2>	<Q193813>
<Thor's_Hammer_3>	<Q3849991>
<Thor's_Hammer_4>	<Q15034320>
<Ann_Burton_0>	<Q530765>
<Ann_Burton_1>	<Q4766405>
<Pak_Song-chol_0>	<Q452422>
<Pak_Song-chol_1>	<Q494597>
<Siege_of_Nicaea_0>	<Q2549357>
<Siege_of_Nicaea_1>	<Q398174>
<Accident_0>	<Q4672551>
<Accident_1>	<Q4672549>
<Accident_2>	<Q4672550>
<Accident_3>	<Q182959>
<Accident_4>	<Q424630>
<Accident_5>	<Q339114>
<Accident_6>	<Q754489>
<Accident_7>	<Q2822693>
<Accident_8>	<Q2822694>
<Accident_9>	<Q4672548>
<Accident_10>	<Q2914448>
<Belek_0>	<Q2900582>
<Belek_1>	<Q815388>
<3T_0>	<Q29779>
<3T_1>	<Q219002>
<3T_2>	<Q229502>
<Sulpicia_0>	<Q7636567>
<Sulpicia_1>	<Q628303>
<Sulpicia_2>	<Q257448>
<Surfboard_0>	<Q2368496>
<Surfboard_1>	<Q314319>
<Suter_0>	<Q691579>
<Suter_1>	<Q7649923>
<Habo_0>	<Q1566951>
<Habo_1>	<Q503198>
<Habo_2>	<Q2230908>
<Dumbo_0>	<Q40895>
<Dumbo_1>	<Q1264951>
<Dumbo_2>	<Q964565>
<Dumbo_3>	<Q7393512>
<Białobrzegi_0>	<Q4902832>
<Białobrzegi_1>	<Q4902829>
<Białobrzegi_2>	<Q4902831>
<Białobrzegi_3>	<Q4902830>
<Białobrzegi_4>	<Q855976>
<Białobrzegi_5>	<Q1527256>
<Białobrzegi_6>	<Q1527866>
<Białobrzegi_7>	<Q4101565>
<Skinny_dip_0>	<Q15030929>
<Skinny_dip_1>	<Q7535567>
<Cacique_0>	<Q1163624>
<Cacique_1>	<Q5016035>
<Cacique_2>	<Q5016034>
<Cacique_3>	<YQ26087>
<Cacique_4>	<Q3558971>
<Rudolf_Martin_0>	<Q85729>
<Rudolf_Martin_1>	<Q3446775>
<Rudolf_Martin_2>	<Q86178>
<Rudolf_Martin_3>	<Q7377257>
<All_Tomorrow's_Parties_0>	<Q2613885>
<All_Tomorrow's_Parties_1>	<YQ31573>
<All_Tomorrow's_Parties_2>	<Q4729835>
<All_Tomorrow's_Parties_3>	<Q4729834>
<All_Tomorrow's_Parties_4>	<Q900595>
<Panhandle_0>	<Q972961>
<Panhandle_1>	<Q7131007>
<Panhandle_2>	<Q7131005>
<Wolverton_0>	<Q8030558>
<Wolverton_1>	<Q276274>
<Wolverton_2>	<Q2227781>
<Conrad_II_0>	<Q152256>
<Conrad_II_1>	<Q145718>
<Conrad_II_2>	<Q685118>
<Harefield_0>	<Q5656790>
<Harefield_1>	<Q15223018>
<Harefield_2>	<Q2243312>
<Madame_Butterfly_0>	<Q1883152>
<Madame_Butterfly_1>	<Q6726280>
<Madame_Butterfly_2>	<Q19005>
<Madame_Butterfly_3>	<Q610607>
<Madame_Butterfly_4>	<Q1409704>
<Youngstown_0>	<Q8058634>
<Youngstown_1>	<Q8058644>
<Youngstown_2>	<Q960040>
<Youngstown_3>	<Q1180216>
<Youngstown_4>	<Q8058638>
<Youngstown_5>	<Q8058637>
<777_0>	<Q1068971>
<777_1>	<Q5051930>
<777_2>	<Q426698>
<777_3>	<Q4115804>
<777_4>	<Q17010837>
<777_5>	<Q4643564>
<777_6>	<Q6425>
<Glycerol-3-phosphate_dehydrogenase_0>	<Q2830084>
<Glycerol-3-phosphate_dehydrogenase_1>	<Q307765>
<Glycerol-3-phosphate_dehydrogenase_2>	<Q306971>
<Nimrud_0>	<Q237614>
<Nimrud_1>	<Q5818169>
<John_Howard_0>	<Q6240041>
<John_Howard_1>	<Q3181423>
<John_Howard_2>	<Q5670833>
<John_Howard_3>	<Q16239971>
<John_Howard_4>	<Q980343>
<John_Howard_5>	<Q3181785>
<John_Howard_6>	<Q6251099>
<John_Howard_7>	<Q953120>
<John_Howard_8>	<Q6240039>
<John_Howard_9>	<Q6240033>
<John_Howard_10>	<Q6240019>
<John_Howard_11>	<Q3182564>
<John_Howard_12>	<Q1700193>
<John_Howard_13>	<Q1467025>
<John_Howard_14>	<Q6246987>
<John_Howard_15>	<Q6240037>
<John_Howard_16>	<Q16220959>
<John_Howard_17>	<Q6240028>
<John_Howard_18>	<Q6240015>
<John_Howard_19>	<Q6240047>
<John_Howard_20>	<Q1700506>
<John_Howard_21>	<Q6240035>
<John_Howard_22>	<Q6240026>
<John_Howard_23>	<Q6240023>
<John_Howard_24>	<Q653713>
<John_Howard_25>	<Q51330>
<John_Howard_26>	<Q6234722>
<Donovan_0>	<Q922325>
<Donovan_1>	<Q5195725>
<Donovan_2>	<Q5296872>
<Donovan_3>	<Q2671907>
<Donovan_4>	<Q5050056>
<Donovan_5>	<Q5296826>
<Ali_Osman_0>	<Q4725104>
<Ali_Osman_1>	<Q4725105>
<Quid_pro_quo_0>	<Q3487249>
<Quid_pro_quo_1>	<Q3270331>
<Keele_0>	<Q1041869>
<Keele_1>	<Q986601>
<Sieve_0>	<Q177898>
<Sieve_1>	<Q17006326>
<Sieve_2>	<Q140770>
<Sieve_3>	<Q1542201>
<Sieve_4>	<Q901870>
<Sieve_5>	<Q767770>
<Sieve_6>	<YQ31550>
<Sieve_7>	<Q7511813>
<Sieve_8>	<Q1151850>
<Sieve_9>	<Q1418686>
<Douglas_Hamilton_0>	<Q5301564>
<Douglas_Hamilton_1>	<Q5301566>
<Douglas_Hamilton_2>	<Q1252199>
<Cold_0>	<Q2052984>
<Cold_1>	<Q5142178>
<Cold_2>	<Q5142177>
<Cold_3>	<Q5142171>
<Cold_4>	<Q1107761>
<Cold_5>	<Q1106287>
<Cold_6>	<Q2503922>
<Cold_7>	<Q5142175>
<Cold_8>	<Q2982382>
<Cold_9>	<Q5142170>
<Robert_Millar_0>	<Q7347678>
<Robert_Millar_1>	<Q1670685>
<Robert_Millar_2>	<Q711397>
<Aegir_0>	<Q204927>
<Aegir_1>	<Q18201>
<Aegir_2>	<Q7838356>
<Liam_O'Neill_0>	<Q16116277>
<Liam_O'Neill_1>	<Q6539756>
<Yogurt_0>	<Q8054427>
<Yogurt_1>	<Q483554>
<Bob_Ross_0>	<Q4933827>
<Bob_Ross_1>	<Q455511>
<Bob_Ross_2>	<Q4933828>
<Bob_Ross_3>	<Q4933829>
<Selfish_0>	<Q7448322>
<Selfish_1>	<YQ27817>
<I'll_Never_Fall_in_Love_Again_0>	<Q5965901>
<I'll_Never_Fall_in_Love_Again_1>	<Q2915793>
<Spatz_0>	<Q7574121>
<Spatz_1>	<Q1726174>
<Achelous_0>	<Q203923>
<Achelous_1>	<Q3623138>
<Achelous_2>	<Q7867000>
<Achelous_3>	<Q11703034>
<Achelous_4>	<Q391379>
<Achelous_5>	<Q4673597>
<Flashforward_0>	<Q2460024>
<Flashforward_1>	<Q8563645>
<Flashforward_2>	<Q2346621>
<Bloomsbury_0>	<Q3641091>
<Bloomsbury_1>	<Q15199868>
<Bloomsbury_2>	<Q4928380>
<Bloomsbury_3>	<Q603529>
<Bloomsbury_4>	<Q885403>
<Bloomsbury_5>	<Q4928379>
<Bloomsbury_6>	<Q4928390>
<Bloomsbury_7>	<Q1089461>
<Bloomsbury_8>	<Q568642>
<Bloomsbury_9>	<Q150120>
<Bloomsbury_10>	<Q4928381>
<Grandstand_0>	<Q5595542>
<Grandstand_1>	<Q2407317>
<Denis_Johnson_0>	<Q340016>
<Denis_Johnson_1>	<Q5257299>
<Syncopation_0>	<Q7662254>
<Syncopation_1>	<Q17113107>
<Vanbrugh_0>	<Q7933294>
<Vanbrugh_1>	<Q7277953>
<Vanbrugh_2>	<Q333398>
<Vinje_0>	<Q16897600>
<Vinje_1>	<Q6514912>
<Vinje_2>	<Q2245>
<Vinje_3>	<Q2209568>
<Villarejo_0>	<Q1630412>
<Villarejo_1>	<Q976949>
<Villarejo_2>	<Q929997>
<Villarejo_3>	<Q1642050>
<Villarejo_4>	<Q1767455>
<Villarejo_5>	<Q1615462>
<Villarejo_6>	<Q1767511>
<Bile_0>	<Q4907656>
<Bile_1>	<Q17152088>
<Dunhuang_Caves_0>	<Q43286>
<Dunhuang_Caves_1>	<Q2565477>
<Dunhuang_Caves_2>	<Q751622>
<Knott_0>	<Q6423088>
<Knott_1>	<Q6423097>
<Knott_2>	<Q6423100>
<Magdeburg_0>	<Q450521>
<Magdeburg_1>	<Q1733>
<Pravda_0>	<Q183644>
<Pravda_1>	<Q4375813>
<Pravda_2>	<Q7238838>
<Pravda_3>	<Q5765133>
<Pravda_4>	<Q1853557>
<William_Beveridge_0>	<Q12900163>
<William_Beveridge_1>	<Q335049>
<William_Beveridge_2>	<Q8005517>
<Robert_Moses_0>	<Q1111386>
<Robert_Moses_1>	<Q347046>
<Robert_Moses_2>	<Q15502532>
<Stefan_Johansson_0>	<Q171474>
<Stefan_Johansson_1>	<Q5887677>
<Vidor_0>	<Q51133>
<Vidor_1>	<Q46754>
<Vidor_2>	<Q1014704>
<Baldur's_Gate_0>	<Q2640148>
<Baldur's_Gate_1>	<Q2031367>
<Baldur's_Gate_2>	<Q663583>
<Sadae_0>	<Q7397496>
<Sadae_1>	<Q7397495>
<Vineyard_0>	<Q7932479>
<Vineyard_1>	<Q482435>
<Vineyard_2>	<Q7932478>
<Vineyard_3>	<Q2252655>
<Symbol_0>	<Q7661142>
<Symbol_1>	<Q606991>
<Symbol_2>	<Q14691317>
<Symbol_3>	<Q187829>
<Symbol_4>	<Q102500>
<Symbol_5>	<Q7661144>
<Symbol_6>	<Q2372244>
<Symbol_7>	<Q7661146>
<Symbol_8>	<Q7661145>
<Grenade_0>	<Q632438>
<Grenade_1>	<Q166791>
<Grenade_2>	<Q671069>
<Grenade_3>	<Q1635355>
<Grenade_4>	<Q1469958>
<Grenade_5>	<Q5647113>
<Carpet_0>	<Q5045774>
<Carpet_1>	<Q5045770>
<Carpet_2>	<Q1753602>
<Bexley_0>	<Q4899788>
<Bexley_1>	<Q281242>
<Bexley_2>	<Q4899790>
<Bexley_3>	<Q146416>
<Bexley_4>	<Q1857734>
<Kevin_James_0>	<Q4604517>
<Kevin_James_1>	<Q6396595>
<Kevin_James_2>	<Q6396597>
<Kevin_James_3>	<Q6396602>
<Kevin_James_4>	<Q6396599>
<Kevin_James_5>	<Q6396601>
<Kevin_James_6>	<Q44561>
<John_Ray_0>	<Q316949>
<John_Ray_1>	<Q16200907>
<Bob_Armstrong_0>	<Q2907566>
<Bob_Armstrong_1>	<Q2275925>
<Bob_Armstrong_2>	<Q4931677>
<Cliff_0>	<Q5132516>
<Cliff_1>	<Q867961>
<Cliff_2>	<Q41361>
<Cliff_3>	<Q5132510>
<SFO_0>	<Q7204962>
<SFO_1>	<Q7454887>
<SFO_2>	<Q2030058>
<SFO_3>	<Q7574892>
<SFO_4>	<Q1096577>
<SFO_5>	<Q1813958>
<Piura_0>	<Q3825445>
<Piura_1>	<Q676572>
<Boomtown_0>	<Q4943547>
<Boomtown_1>	<Q4943543>
<Boomtown_2>	<Q16844508>
<Comb_0>	<Q5150581>
<Comb_1>	<Q28208679>
<Comb_2>	<Q5150587>
<Comb_3>	<Q385599>
<Tijuca_0>	<Q2107829>
<Tijuca_1>	<Q515162>
<Linda_Park_0>	<Q11168321>
<Linda_Park_1>	<Q910538>
<Harold_Hunter_0>	<Q15993098>
<Harold_Hunter_1>	<Q1361069>
<Qotbabad_0>	<Q888412>
<Qotbabad_1>	<Q15270370>
<Kaiser_0>	<Q6348363>
<Kaiser_1>	<Q1721580>
<Kaiser_2>	<Q6348404>
<Kaiser_3>	<Q6348393>
<Kaiser_4>	<Q3471365>
<Gilles_0>	<Q3106052>
<Gilles_1>	<Q2458774>
<Gilles_2>	<Q5562022>
<Dew_0>	<Q15996416>
<Dew_1>	<Q5267993>
<Dew_2>	<Q16835164>
<Electric_eye_0>	<Q3294678>
<Electric_eye_1>	<Q2455799>
<Electric_eye_2>	<Q10271274>
<Electric_eye_3>	<Q16834900>
<David_Drake_0>	<Q5233065>
<David_Drake_1>	<Q5233067>
<David_Drake_2>	<Q5228687>
<David_Drake_3>	<Q736343>
<Bag_0>	<Q2878931>
<Bag_1>	<Q281099>
<Bag_2>	<Q4841361>
<Bag_3>	<Q5823002>
<Vieux-Fort_0>	<Q996207>
<Vieux-Fort_1>	<Q3494579>
<Kaveri_0>	<Q277306>
<Kaveri_1>	<Q6379184>
<Interpolation_0>	<Q1052021>
<Interpolation_1>	<Q1668127>
<Interpolation_2>	<Q440296>
<Interpolation_3>	<Q7623982>
<Interpolation_4>	<Q1668124>
<Interpolation_5>	<YQ32056>
<Interpolation_6>	<Q6056404>
<Interpolation_7>	<Q2002674>
<Chasse_0>	<Q5087416>
<Chasse_1>	<Q1174716>
<Chasse_2>	<Q2967773>
<Hanover_0>	<Q2666605>
<Hanover_1>	<Q5649355>
<Hanover_2>	<Q2559706>
<Hanover_3>	<Q1715>
<Hanover_4>	<Q5891841>
<Hanover_5>	<Q131908>
<Hanover_6>	<Q1182166>
<Hanover_7>	<Q373262>
<Hanover_8>	<Q450622>
<Hanover_9>	<Q2672128>
<Hanover_10>	<Q5649359>
<Hanover_11>	<Q5649352>
<Hanover_12>	<Q3449015>
<Hanover_13>	<Q1021157>
<Hanover_14>	<Q1576700>
<Hanover_15>	<Q5649365>
<Hanover_16>	<Q3710617>
<Hanover_17>	<Q139387>
<Hanover_18>	<Q2261011>
<Hanover_19>	<Q5649358>
<Birkenau_0>	<Q7341>
<Birkenau_1>	<Q512538>
<Edmund_Ironside_0>	<Q5339575>
<Edmund_Ironside_1>	<Q335248>
<Edmund_Ironside_2>	<Q3048108>
<Edmund_Ironside_3>	<Q188684>
<The_Dakotas_0>	<Q829806>
<The_Dakotas_1>	<Q2410689>
<The_Dakotas_2>	<Q2920603>
<Angelos_0>	<Q521122>
<Angelos_1>	<YQ34939>
<Paul_Watson_0>	<Q15452431>
<Paul_Watson_1>	<Q201670>
<Paul_Watson_2>	<Q7154254>
<Paul_Watson_3>	<Q7154262>
<Aztlán_0>	<Q740961>
<Aztlán_1>	<Q4832997>
<William_Davidson_0>	<Q8007630>
<William_Davidson_1>	<Q8007628>
<William_Davidson_2>	<Q16030022>
<William_Davidson_3>	<Q4171985>
<William_Davidson_4>	<Q8007625>
<William_Davidson_5>	<Q8014424>
<William_Davidson_6>	<Q16043498>
<William_Davidson_7>	<Q8018603>
<William_Davidson_8>	<Q8007626>
<William_Davidson_9>	<Q8007627>
<William_Davidson_10>	<Q16829003>
<William_Davidson_11>	<Q8015329>
<Springsteen_0>	<Q7581184>
<Springsteen_1>	<Q1225>
<Hoskins_0>	<Q3207123>
<Hoskins_1>	<Q2151109>
<Hoskins_2>	<Q6921330>
<Hoskins_3>	<Q5908117>
<Hoskins_4>	<Q16909420>
<Hoskins_5>	<Q6429014>
<Hoskins_6>	<Q3206787>
<Hoskins_7>	<Q5471362>
<PIP2_0>	<Q413692>
<PIP2_1>	<Q3138518>
<PIP2_2>	<Q3083814>
<Garvin_0>	<Q1817457>
<Garvin_1>	<Q1874006>
<Skull_Island_0>	<Q12269730>
<Skull_Island_1>	<Q1073876>
<Skull_Island_2>	<Q7536937>
<Black_money_0>	<Q4922388>
<Black_money_1>	<Q4921305>
<Richard_Steele_0>	<Q333148>
<Richard_Steele_1>	<Q16106815>
<Heaven_Help_Us_0>	<Q544035>
<Heaven_Help_Us_1>	<Q16995081>
<Doughboy_0>	<Q5301098>
<Doughboy_1>	<Q74096>
<Doughboy_2>	<Q3039850>
<Doughboy_3>	<Q5301078>
<Doughboy_4>	<Q6545995>
<Doughboy_5>	<Q5301089>
<Doughboy_6>	<Q5301097>
<Doughboy_7>	<Q5301079>
<Doughboy_8>	<Q5503624>
<Doughboy_9>	<Q7730761>
<New_Left_0>	<YQ35708>
<New_Left_1>	<Q160637>
<Brian_Harvey_0>	<Q2924916>
<Brian_Harvey_1>	<Q4963966>
<Brian_Harvey_2>	<Q912304>
<Brian_Harvey_3>	<Q4963969>
<Brian_Harvey_4>	<Q4963968>
<TeenNick_0>	<Q1563697>
<TeenNick_1>	<Q2383941>
<James_Holman_0>	<Q330191>
<James_Holman_1>	<Q16115393>
<Lille_0>	<Q725235>
<Lille_1>	<Q648>
<Lille_2>	<Q6547973>
<Marley's_Ghost_0>	<YQ32851>
<Marley's_Ghost_1>	<Q6771780>
<Anthemius_0>	<Q211772>
<Anthemius_1>	<Q515350>
<Richard_Arkwright_0>	<Q294153>
<Richard_Arkwright_1>	<Q7323773>
<Qushchi_0>	<Q5799893>
<Qushchi_1>	<Q5662751>
<Qushchi_2>	<Q5803179>
<Qushchi_3>	<Q339178>
<Qushchi_4>	<Q5680736>
<Qushchi_5>	<Q5669364>
<Cayenne_0>	<Q337148>
<Cayenne_1>	<Q773142>
<Cayenne_2>	<Q5055293>
<Cayenne_3>	<Q5055294>
<Boulogne_0>	<Q1337275>
<Boulogne_1>	<Q2922134>
<Boulogne_2>	<Q895103>
<Boulogne_3>	<Q1431527>
<Boulogne_4>	<Q209626>
<Boulogne_5>	<Q302720>
<Boulogne_6>	<Q81997>
<Boulogne_7>	<Q172455>
<Boulogne_8>	<Q726953>
<Boulogne_9>	<Q4949702>
<Boulogne_10>	<Q309400>
<Asgard_0>	<Q4034439>
<Asgard_1>	<Q178182>
<Asgard_2>	<Q7310035>
<Asgard_3>	<Q528820>
<Asgard_4>	<Q2611772>
<Asgard_5>	<Q724438>
<Bras_d'Or_0>	<Q4957748>
<Bras_d'Or_1>	<Q4957751>
<Bras_d'Or_2>	<Q4957747>
<Bras_d'Or_3>	<Q898989>
<I_Only_Have_Eyes_for_You_0>	<Q5978682>
<I_Only_Have_Eyes_for_You_1>	<Q3212874>
<I_Only_Have_Eyes_for_You_2>	<Q5978683>
<I_Only_Have_Eyes_for_You_3>	<Q5978678>
<I_Only_Have_Eyes_for_You_4>	<Q17042355>
<Once_Upon_a_Time_in_the_North_0>	<Q7091883>
<Once_Upon_a_Time_in_the_North_1>	<Q2261075>
<Terminal_velocity_0>	<Q955289>
<Terminal_velocity_1>	<Q7702699>
<Terminal_velocity_2>	<Q25760>
<Hug_0>	<Q837955>
<Hug_1>	<Q624494>
<Waban_0>	<Q7958601>
<Waban_1>	<Q7958600>
<Waban_2>	<Q7958602>
<No_Love_0>	<Q17039220>
<No_Love_1>	<Q1415993>
<Night_of_the_Long_Knives_0>	<Q6356796>
<Night_of_the_Long_Knives_1>	<Q130783>
<If_I_Should_Fall_0>	<Q6526496>
<If_I_Should_Fall_1>	<Q1092066>
<If_I_Should_Fall_2>	<Q5990516>
<If_I_Should_Fall_3>	<Q5990518>
<EM_TV_0>	<Q5323656>
<EM_TV_1>	<Q5337674>
<Garibaldi_School_0>	<Q5523297>
<Garibaldi_School_1>	<Q5523294>
<Colombo_0>	<Q17005123>
<Colombo_1>	<Q926688>
<Colombo_2>	<Q35381>
<Colombo_3>	<Q606287>
<Colombo_4>	<Q5148050>
<Colombo_5>	<Q5148003>
<Colombo_6>	<Q1110459>
<Neil_Harrison_0>	<Q6988712>
<Neil_Harrison_1>	<Q16019699>
<Neil_Harrison_2>	<Q6988711>
<Melon_0>	<Q1417652>
<Melon_1>	<Q7750944>
<Melon_2>	<Q694915>
<Melon_3>	<Q16866781>
<Melon_4>	<Q6813532>
<Melon_5>	<Q1644993>
<Ellipsoid_0>	<Q453471>
<Ellipsoid_1>	<Q1332363>
<Ellipsoid_2>	<Q1139169>
<Ellipsoid_3>	<Q1385722>
<Jim_Crow_0>	<YQ32148>
<Jim_Crow_1>	<Q2171407>
<River_0>	<Q1189823>
<River_1>	<Q16968632>
<River_2>	<Q7337056>
<River_3>	<Q17104024>
<River_4>	<Q2784912>
<Prithviraj_Chauhan_0>	<Q558219>
<Prithviraj_Chauhan_1>	<Q3520217>
<Debussy_0>	<Q3020961>
<Debussy_1>	<Q5248652>
<Debussy_2>	<Q5248653>
<Sergipe_0>	<Q1153044>
<Sergipe_1>	<Q43783>
<Sergipe_2>	<Q2280399>
<Viola_0>	<Q146095>
<Viola_1>	<Q7932994>
<Viola_2>	<Q7932995>
<Viola_3>	<Q16043843>
<Viola_4>	<Q7932989>
<Viola_5>	<Q20611>
<Viola_6>	<Q3460291>
<Viola_7>	<Q3489036>
<Viola_8>	<Q7932988>
<Viola_9>	<Q2783552>
<Viola_10>	<Q7933000>
<Viola_11>	<Q2115537>
<Viola_12>	<Q455945>
<Viola_13>	<Q2405821>
<Viola_14>	<Q7932990>
<Viola_15>	<Q7932991>
<Viola_16>	<Q509812>
<Viola_17>	<Q7932993>
<Viola_18>	<Q2193815>
<Viola_19>	<Q755619>
<Viola_20>	<Q2188898>
<Aberdare_0>	<Q5718742>
<Aberdare_1>	<Q5126424>
<Aberdare_2>	<Q4666855>
<Aberdare_3>	<Q3023701>
<Aberdare_4>	<Q336223>
<Aberdare_5>	<Q4666848>
<Aberdare_6>	<Q3401247>
<Aberdare_7>	<Q4666845>
<Aberdare_8>	<Q335550>
<Aberdare_9>	<Q319369>
<Stuka_0>	<Q7628601>
<Stuka_1>	<Q2967564>
<Stuka_2>	<Q26795>
<Langli_0>	<Q15127637>
<Langli_1>	<Q683740>
<Langli_2>	<Q954719>
<Bones_0>	<Q207803>
<Bones_1>	<Q16952709>
<Bones_2>	<Q892346>
<Bones_3>	<Q646829>
<Bones_4>	<Q2586606>
<Bones_5>	<Q1966782>
<Bones_6>	<Q4941738>
<Bones_7>	<Q1876217>
<Bones_8>	<YQ24454>
<Bones_9>	<Q4941740>
<Bones_10>	<Q834471>
<Jenny_Lind_0>	<Q231345>
<Jenny_Lind_1>	<Q10970965>
<Jenny_Lind_2>	<Q15229502>
<Amid_0>	<Q3666576>
<Amid_1>	<Q4746144>
<George_Bradley_0>	<Q5537195>
<George_Bradley_1>	<Q5537197>
<George_Bradley_2>	<Q5537191>
<George_Bradley_3>	<Q5537190>
<George_Bradley_4>	<Q5537196>
<George_Bradley_5>	<Q5537199>
<George_Bradley_6>	<Q1566765>
<George_Bradley_7>	<Q5537198>
<Hose_0>	<Q5907229>
<Hose_1>	<Q3059530>
<Hose_2>	<Q16845533>
<Slavyanovo_0>	<Q405978>
<Slavyanovo_1>	<Q4423041>
<Slavyanovo_2>	<Q2021248>
<Barbara_Mitchell_0>	<Q4859163>
<Barbara_Mitchell_1>	<Q4859165>
<Edward_Bayntun_0>	<Q5341821>
<Edward_Bayntun_1>	<Q16203423>
<Edward_Bayntun_2>	<Q5341818>
<Edward_Bayntun_3>	<Q5341819>
<Newcastle_Airport_0>	<Q17570>
<Newcastle_Airport_1>	<Q8975>
<Newcastle_Airport_2>	<Q7017363>
<Fay_0>	<Q771480>
<Fay_1>	<Q1226549>
<Fay_2>	<Q599045>
<Fay_3>	<Q120798>
<Fay_4>	<Q290929>
<Fay_5>	<Q570653>
<Fay_6>	<Q3044357>
<Fay_7>	<Q242088>
<Fay_8>	<Q3740518>
<Fay_9>	<Q11003321>
<Fay_10>	<Q1453330>
<Fay_11>	<Q546045>
<Fay_12>	<Q1161316>
<Restaurant_0>	<Q246400>
<Restaurant_1>	<Q7760321>
<Restaurant_2>	<Q7316079>
<Restaurant_3>	<Q7760320>
<Purcell_0>	<Q2308188>
<Purcell_1>	<Q960456>
<Purcell_2>	<Q7260906>
<Grey_0>	<Q15916844>
<Grey_1>	<Q92592>
<Grey_2>	<Q42519>
<George_Khoury_0>	<Q2274446>
<George_Khoury_1>	<Q5541329>
<Diefenbaker_0>	<Q399604>
<Diefenbaker_1>	<Q128614>
<Franklin_Field_0>	<Q14688363>
<Franklin_Field_1>	<Q5247394>
<Franklin_Field_2>	<Q2791655>
<Franklin_Field_3>	<Q5491503>
<Franklin_Field_4>	<Q4492376>
<Steve_McGowan_0>	<Q7613332>
<Steve_McGowan_1>	<Q7609954>
<Steve_McGowan_2>	<Q7609953>
<Buren_0>	<Q932618>
<Buren_1>	<Q73061>
<Architect_0>	<Q2860251>
<Architect_1>	<Q16242510>
<Architect_2>	<Q2316879>
<Question_0>	<Q3927752>
<Question_1>	<Q3927751>
<Question_2>	<Q7759068>
<Question_3>	<Q7271547>
<Question_4>	<Q3522390>
<Question_5>	<Q7759064>
<Question_6>	<Q3927757>
<Question_7>	<Q16837407>
<Question_8>	<Q2500238>
<Question_9>	<Q3212095>
<Question_10>	<Q2092954>
<Question_11>	<Q4659082>
<Question_12>	<Q4659085>
<Guitar_0>	<Q5616710>
<Guitar_1>	<Q5616707>
<Guitar_2>	<Q5616715>
<Guitar_3>	<Q5616712>
<Polish_People's_Party_0>	<Q5442008>
<Polish_People's_Party_1>	<Q3486992>
<Jack_Monroe_0>	<Q16732785>
<Jack_Monroe_1>	<Q6114171>
<Look_Away_0>	<Q6674986>
<Look_Away_1>	<Q6674987>
<Jack_Kirby_0>	<Q16017811>
<Jack_Kirby_1>	<Q311607>
<Griffith_Island_0>	<Q16840278>
<Griffith_Island_1>	<Q5608894>
<Griffith_Island_2>	<Q2062735>
<Griffith_Island_3>	<Q3802748>
<Zurich_0>	<Q3576300>
<Zurich_1>	<Q8075396>
<Zurich_2>	<Q3576301>
<Zurich_3>	<Q72>
<Zurich_4>	<Q8075386>
<Zurich_5>	<Q230417>
<Maszewo_0>	<Q6785755>
<Maszewo_1>	<Q989419>
<Maszewo_2>	<Q6785757>
<Maszewo_3>	<Q984052>
<Dharampur_0>	<Q5269125>
<Dharampur_1>	<Q5269123>
<Dharampur_2>	<Q2465676>
<Dharampur_3>	<Q21974500>
<Daryl_Smith_0>	<Q5225454>
<Daryl_Smith_1>	<Q14950522>
<Daryl_Smith_2>	<Q5226238>
<Maidenhead_0>	<Q3336813>
<Maidenhead_1>	<Q2121349>
<Lewis_Taylor_0>	<Q1363303>
<Lewis_Taylor_1>	<Q16965033>
<Lewis_Taylor_2>	<Q16934104>
<Lewis_Taylor_3>	<Q16237039>
<Dino_0>	<Q3707883>
<Dino_1>	<Q577775>
<Dino_2>	<Q1006974>
<Dino_3>	<Q2185711>
<Dino_4>	<Q16991799>
<Dino_5>	<Q5019664>
<Dino_6>	<Q5278484>
<Dino_7>	<Q964034>
<Dino_8>	<Q486862>
<Dino_9>	<Q5445264>
<Dino_10>	<Q3022180>
<Dino_11>	<Q5278483>
<Guyana_0>	<Q734>
<Guyana_1>	<Q5622720>
<Parang_0>	<Q212748>
<Parang_1>	<Q1133677>
<Parang_2>	<Q518979>
<Parang_3>	<Q156208>
<Golden_Bay_0>	<Q15221811>
<Golden_Bay_1>	<Q2005526>
<Golden_Bay_2>	<Q1512616>
<Golden_Bay_3>	<Q5579184>
<Captain_Cook_0>	<Q2448238>
<Captain_Cook_1>	<Q5036595>
<Moment_of_silence_0>	<Q1068056>
<Moment_of_silence_1>	<Q6897132>
<Moment_of_silence_2>	<Q1430332>
<Meira_0>	<Q1618958>
<Meira_1>	<Q1088862>
<Meira_2>	<Q310206>
<Meira_3>	<Q1261293>
<Delos_0>	<Q5254359>
<Delos_1>	<Q3055720>
<Delos_2>	<Q173148>
<Delos_3>	<Q5254356>
<Delos_4>	<Q521689>
<Delos_5>	<Q5254361>
<Delos_6>	<Q5254360>
<Delos_7>	<Q3021771>
<Værnes_0>	<Q7944501>
<Værnes_1>	<Q729886>
<Evansville_0>	<Q5416011>
<Evansville_1>	<Q486459>
<Evansville_2>	<Q5416012>
<Evansville_3>	<Q2308004>
<Evansville_4>	<Q1028627>
<Evansville_5>	<Q1569954>
<Evansville_6>	<Q1837653>
<Evansville_7>	<Q2230876>
<SETI_0>	<Q7389888>
<SETI_1>	<Q1937797>
<Mesta_0>	<Q539626>
<Mesta_1>	<Q2349244>
<Mesta_2>	<Q2654032>
<Mesta_3>	<Q17109358>
<Mesta_4>	<Q426430>
<Mesta_5>	<Q6516640>
<High_Maintenance_0>	<Q1940588>
<High_Maintenance_1>	<Q5755913>
<High_Maintenance_2>	<Q15995127>
<Ikhwan_0>	<Q143509>
<Ikhwan_1>	<Q5995946>
<Bird_Rock_0>	<Q16254824>
<Bird_Rock_1>	<Q2904415>
<The_Invisibles_0>	<Q7742501>
<The_Invisibles_1>	<Q7742502>
<The_Invisibles_2>	<Q14937777>
<The_Invisibles_3>	<Q92802>
<Shipwreck_0>	<Q906512>
<Shipwreck_1>	<Q1072126>
<Cassandra_Complex_0>	<Q2522199>
<Cassandra_Complex_1>	<Q475265>
<Campbell_Park_0>	<Q2137635>
<Campbell_Park_1>	<Q5028129>
<Bob_Gibson_0>	<Q10558613>
<Bob_Gibson_1>	<Q17002469>
<Bob_Gibson_2>	<Q4932533>
<Bob_Gibson_3>	<Q1131535>
<Bob_Gibson_4>	<Q887948>
<Khanqah_0>	<Q833913>
<Khanqah_1>	<Q5621001>
<Khanqah_2>	<Q5845324>
<Khanqah_3>	<Q5817292>
<Texas_hold_'em_0>	<Q214536>
<Texas_hold_'em_1>	<Q7707743>
<Texas_hold_'em_2>	<Q7707744>
<Argonautica_0>	<Q739529>
<Argonautica_1>	<Q1230444>
<Howard_0>	<Q14714069>
<Howard_1>	<Q2540083>
<Howard_2>	<Q5918925>
<Howard_3>	<Q2671497>
<Howard_4>	<Q2089472>
<Howard_5>	<Q5918971>
<Howard_6>	<Q5918885>
<Howard_7>	<Q5918870>
<Howard_8>	<Q1183019>
<Howard_9>	<Q5918866>
<Howard_10>	<Q3141522>
<Howard_11>	<Q3595959>
<Howard_12>	<Q1979322>
<Howard_13>	<Q3473010>
<Howard_14>	<Q14714465>
<Howard_15>	<Q1068752>
<Howard_16>	<Q3708348>
<Howard_17>	<Q2232935>
<Ardakan_0>	<Q4787798>
<Ardakan_1>	<Q1287822>
<Ardakan_2>	<Q2617100>
<Ardakan_3>	<Q580084>
<Tin_0>	<Q415638>
<Tin_1>	<Q1432769>
<Tin_2>	<Q310282>
<Tin_3>	<Q2296387>
<Tin_4>	<YQ26328>
<Tin_5>	<Q7808386>
<Mark_Donovan_0>	<Q6767395>
<Mark_Donovan_1>	<Q13646991>
<Washington_Square_Park_0>	<Q7972217>
<Washington_Square_Park_1>	<Q909592>
<Screamer_0>	<Q7438911>
<Screamer_1>	<Q2092850>
<Fishburn_0>	<Q5454712>
<Fishburn_1>	<YQ37569>
<Charles_Winters_0>	<Q5083663>
<Charles_Winters_1>	<Q5083662>
<Rebecca_of_Sunnybrook_Farm_0>	<Q2379904>
<Rebecca_of_Sunnybrook_Farm_1>	<Q7301984>
<Rebecca_of_Sunnybrook_Farm_2>	<Q7301985>
<Rebecca_of_Sunnybrook_Farm_3>	<Q2205352>
<Southwestern_University_0>	<Q3551493>
<Southwestern_University_1>	<Q7571450>
<Malcolm_II_0>	<Q6753630>
<Malcolm_II_1>	<Q6949530>
<Bidestan_0>	<Q2428574>
<Bidestan_1>	<Q4904127>
