,Position,Track Name,Artist,Streams
0,1,Starboy,The Weeknd,25286465
1,2,Closer,The Chainsmokers,22047697
2,3,Rockabye (feat. Sean Paul & Anne-Marie),Clean Bandit,19794482
3,4,Let Me Love You,DJ Snake,17965723
4,5,Don't Wanna Know,Maroon 5,16966668
5,6,Black Beatles,Rae Sremmurd,16831609
6,7,"I Don’t Wanna Live Forever (Fifty Shades Darker) - From ""Fifty Shades Darker (Original Motion Picture Soundtrack)""",ZAYN,16797090
7,8,Fake Love,Drake,16629189
8,9,24K Magic,Bruno Mars,16023066
9,10,Say You Won't Let Go,James Arthur,15571413
10,11,All I Want for Christmas Is You,Mariah Carey,15094760
11,12,I Feel It Coming,The Weeknd,14845976
12,13,One Dance,Drake,13620191
13,14,Cold Water (feat. Justin Bieber & MØ),Major Lazer,13143341
14,15,The Greatest,Sia,13074479
15,16,In the Name of Love,Martin Garrix,12854288
16,17,Call On Me - Ryan Riback Extended Remix,Starley,12309223
17,18,Chantaje (feat. Maluma),Shakira,12104974
18,19,Side To Side,Ariana Grande,11964458
19,20,Just Hold On,Steve Aoki,11735194
20,21,Last Christmas,Wham!,11724752
21,22,Starving,Hailee Steinfeld,10932500
22,23,Bad and Boujee (feat. Lil Uzi Vert),Migos,10635390
23,24,Bad Things (with Camila Cabello),Machine Gun Kelly,10620238
24,25,Mercy,Shawn Mendes,10507024
25,26,My Way,Calvin Harris,10330481
26,27,Heathens,Twenty One Pilots,10169963
27,28,All We Know,The Chainsmokers,10163696
28,29,Don't Let Me Down,The Chainsmokers,9267559
29,30,Treat You Better,Shawn Mendes,9168864
30,31,Scars To Your Beautiful,Alessia Cara,8583889
31,32,Reggaetón Lento (Bailemos),CNCO,8223181
32,33,Love Me Now,John Legend,8203210
33,34,All Night,The Vamps,7749405
34,35,"CAN'T STOP THE FEELING! (Original Song from DreamWorks Animation's ""TROLLS"")",Justin Timberlake,7734734
35,36,Now and Later,Sage The Gemini,7724332
36,37,The Mack,Nevada,7669735
37,38,By Your Side,Jonas Blue,7669293
38,39,We Don't Talk Anymore (feat. Selena Gomez),Charlie Puth,7596658
39,40,Alone,Alan Walker,7584237
40,41,It's Beginning To Look A Lot Like Christmas,Michael Bublé,7493998
41,42,I Would Like,Zara Larsson,7461568
42,43,Party Monster,The Weeknd,7431097
43,44,Safari,J Balvin,7286559
44,45,It's the Most Wonderful Time of the Year,Andy Williams,7232257
45,46,Cheap Thrills,Sia,7218935
46,47,Deja Vu,J. Cole,7217628
47,48,Broccoli (feat. Lil Yachty),DRAM,7143405
48,49,I Took A Pill In Ibiza - Seeb Remix,Mike Posner,7093486
49,50,Caroline,Aminé,7091625
50,51,Jingle Bell Rock,Bobby Helms,7055550
51,52,Vente Pa' Ca,Ricky Martin,6588326
52,53,Otra Vez (feat. J Balvin),Zion & Lennox,6449470
53,54,Ride,Twenty One Pilots,6394724
54,55,Shed a Light,Robin Schulz,6295040
55,56,"How Far I'll Go - From ""Moana""",Alessia Cara,6273292
56,57,Hear Me Now,Alok,6269293
57,58,Sexual,NEIKED,6070351
58,59,Let It Snow! Let It Snow! Let It Snow! (with The B. Swanson Quartet),Frank Sinatra,5981969
59,60,White Christmas,Bing Crosby,5949789
60,61,Perfect Strangers,Jonas Blue,5874412
61,62,This Is What You Came For,Calvin Harris,5682904
62,63,Bounce Back,Big Sean,5581496
63,64,Too Good,Drake,5568347
64,65,Stressed Out,Twenty One Pilots,5561301
65,66,Rockin' Around The Christmas Tree - Single Version,Brenda Lee,5553147
66,67,"i hate u, i love u (feat. olivia o'brien)",gnash,5529838
67,68,Feliz Navidad,José Feliciano,5503666
68,69,Work from Home,Fifth Harmony,5426035
69,70,Do They Know It's Christmas? - 1984 Version,Band Aid,5360185
70,71,Human,Rag'n'Bone Man,5332630
71,72,Faded,Alan Walker,5324718
72,73,Panda,Desiigner,5286319
73,74,Love Yourself,Justin Bieber,5262534
74,75,Work,Rihanna,5193349
75,76,Sorry,Justin Bieber,5191994
76,77,Blue Christmas,Elvis Presley,5185497
77,78,"Sucker For Pain (with Wiz Khalifa, Imagine Dragons, Logic & Ty Dolla $ign feat. X Ambassadors)",Lil Wayne,5183750
78,79,Solo Dance,Martin Jensen,5126414
79,80,Juju On That Beat (TZ Anthem),Zay Hilfigerrr,5077939
80,81,Setting Fires,The Chainsmokers,5056330
81,82,Merry Christmas Everyone - Remastered,Shakin' Stevens,4997993
82,83,Make Me (Cry),Noah Cyrus,4926962
83,84,Santa Tell Me,Ariana Grande,4899973
84,85,La Bicicleta,Carlos Vives,4896546
85,86,Chill Bill,Rob $tone,4888031
86,87,Happy Xmas (War Is Over) - Remastered,John Lennon,4885251
87,88,Shout Out to My Ex,Little Mix,4836418
88,89,Lot to Learn,Luke Christopher,4833942
89,90,Mistletoe,Justin Bieber,4817146
90,91,Traicionera,Sebastian Yatra,4805621
91,92,Controlla,Drake,4781312
92,93,Water Under the Bridge,Adele,4765744
93,94,The Ocean (feat. Shy Martin),Mike Perry,4607088
94,95,Hymn For The Weekend - Seeb Remix,Coldplay,4590654
95,96,Needed Me,Rihanna,4583611
96,97,Trust Nobody (feat. Selena Gomez & Tory Lanez),Cashmere Cat,4571592
97,98,Sidewalks,The Weeknd,4570153
98,99,The Christmas Song (Merry Christmas To You),Nat King Cole,4534872
99,100,X (feat. Future),21 Savage,4508475
100,101,Shaky Shaky,Daddy Yankee,4460038
101,102,Light It Up (feat. Nyla & Fuse ODG) - Remix,Major Lazer,4420554
102,103,Cake By The Ocean,DNCE,4408356
103,104,7 Years,Lukas Graham,4397591
104,105,Versace On The Floor,Bruno Mars,4396780
105,106,Sunset Lover,Petit Biscuit,4385053
106,107,Sneakin’,Drake,4283490
107,108,Six Feet Under,The Weeknd,4275228
108,109,No Heart,21 Savage,4257945
109,110,Fairytale of New York (feat. Kirsty MacColl),The Pogues,4245077
110,111,Hallelujah,Pentatonix,4164977
111,112,Middle,DJ Snake,4147726
112,113,Steady 1234 (feat. Jasmine Thompson & Skizzy Mars),Vice,4145668
113,114,Capsize,FRENSHIP,4112369
114,115,Into You,Ariana Grande,4112003
115,116,This Girl (Kungs Vs. Cookin' On 3 Burners) - Kungs Vs. Cookin' On 3 Burners,Kungs,4060819
116,117,Deu Onda,MC G15,4054555
117,118,DUELE EL CORAZON,Enrique Iglesias,4053683
118,119,Fresh Eyes,Andy Grammer,4008319
119,120,Neighbors,J. Cole,4005289
120,121,Redbone,Childish Gambino,3870641
121,122,I Got You,Bebe Rexha,3863605
122,123,Photograph,Ed Sheeran,3836919
123,124,Send My Love (To Your New Lover),Adele,3819479
124,125,OOOUUU,Young M.A,3813380
125,126,"Me, Myself & I",G-Eazy,3812423
126,127,This Town,Niall Horan,3804828
127,128,"Ay Mi Dios (feat. Pitbull, Yandel & Chacal)",IAmChino,3804156
128,129,All Time Low,Jon Bellion,3787799
129,130,Fast Car,Jonas Blue,3783928
130,131,Immortal,J. Cole,3778441
131,132,Reminder,The Weeknd,3766577
132,133,Dile Que Tu Me Quieres,Ozuna,3682124
133,134,Final Song,MØ,3658284
134,135,Lean On (feat. MØ & DJ Snake),Major Lazer,3631857
135,136,Wonderful Christmastime - Remastered 2011 / Edited Version,Paul McCartney,3607798
136,137,Sleigh Ride,Phil Spector,3593955
137,138,Run Rudolph Run - Single Version,Chuck Berry,3585299
138,139,It's Beginning to Look a Lot Like Christmas (with Mitchell Ayres & His Orchestra),Perry Como,3556525
139,140,A Holly Jolly Christmas - Single Version,Burl Ives,3545756
140,141,Borro Cassette,Maluma,3542282
141,142,White Christmas (Duet With Shania Twain),Michael Bublé,3512996
142,143,Lighthouse - Andrelli Remix,Hearts & Colors,3500923
143,144,Love On Me,Galantis,3475690
144,145,Rockin’,The Weeknd,3466167
145,146,Weak,AJR,3465629
146,147,Dynamite (feat. Pretty Sister),Nause,3460528
147,148,Dancing On My Own,Calum Scott,3454666
148,149,Stitches,Shawn Mendes,3434331
149,150,Thinking Out Loud,Ed Sheeran,3414937
150,151,Hello,Adele,3402213
151,152,Step Into Christmas,Elton John,3392730
152,153,Andas En Mi Cabeza,Chino & Nacho,3388786
153,154,Roses,The Chainsmokers,3373168
154,155,What Do You Mean?,Justin Bieber,3372990
155,156,Holly Jolly Christmas,Michael Bublé,3354418
156,157,Ain't My Fault,Zara Larsson,3315571
157,158,Lush Life,Zara Larsson,3278059
158,159,"Santa Claus Is Comin' to Town - Live at C.W. Post College, Greenvale, NY - December 1975",Bruce Springsteen,3271383
159,160,Sex,Cheat Codes,3264349
160,161,Love On The Brain,Rihanna,3259649
161,162,Santa Baby (with Henri René & His Orchestra),Eartha Kitt,3254640
162,163,Cuatro Babys,Maluma,3249429
163,164,Careless Whisper,George Michael,3224559
164,165,PILLOWTALK,ZAYN,3202717
165,166,Santa Claus Is Coming To Town,Michael Bublé,3194315
166,167,pick up the phone,Young Thug,3161853
167,168,No Problem (feat. Lil Wayne & 2 Chainz),Chance the Rapper,3153421
168,169,Have Yourself A Merry Little Christmas,Sam Smith,3152235
169,170,Wake Up Where You Are,State of Sound,3130502
170,171,Carol of the Bells,Mykola Dmytrovych Leontovych,3123441
171,172,That's What I Like,Bruno Mars,3118035
172,173,Jingle Bells (feat. The Puppini Sisters),Michael Bublé,3094942
173,174,Hotline Bling,Drake,3088142
174,175,No Money,Galantis,3085962
175,176,Mary's Boy Child / Oh My Lord,Boney M.,3052833
176,177,You Was Right,Lil Uzi Vert,3052662
177,178,Vacaciones,Wisin,3051423
178,179,Die For You,The Weeknd,3045375
179,180,The Hills,The Weeknd,3039017
180,181,Miss You,James Hersey,3028820
181,182,Jumpman,Drake,3019544
182,183,Some Kind Of Drug,G-Eazy,3005489
183,184,Light,San Holo,3004050
184,185,My Only Wish (This Year),Britney Spears,2982674
185,186,iSpy (feat. Lil Yachty),KYLE,2979074
186,187,All I Want For Christmas Is You,Michael Bublé,2978819
187,188,Christmas Lights,Coldplay,2974733
188,189,Me Llamas (feat. Maluma) - Remix,Piso 21,2974609
189,190,Gyal You A Party Animal - Remix,Charly Black,2962885
190,191,Secrets,The Weeknd,2956670
191,192,Faith - Remastered,George Michael,2934931
192,193,Let Me Hold You (Turn Me On),Dante Klein,2925768
193,194,Low Life,Future,2916084
194,195,Used to This,Future,2901747
195,196,No Role Modelz,J. Cole,2900495
196,197,Swang,Rae Sremmurd,2900455
197,198,Taped Up Heart (feat. Clara Mae),KREAM,2871891
198,199,You & Me,Marc E. Bassy,2853532
199,200,Hymn For The Weekend,Coldplay,2847836
200,1,Shape of You,Ed Sheeran,51124648
201,2,Paris,The Chainsmokers,28197386
202,3,Castle on the Hill,Ed Sheeran,25030348
203,14,Despacito (Featuring Daddy Yankee),Luis Fonsi,16208528
204,51,Don't Leave,Snakehips,7098122
205,58,Issues,Julia Michaels,6245979
206,70,El Amante,Nicky Jam,5429512
207,71,Touch,Little Mix,5386602
208,73,It's Gotta Be You,Isaiah,5206713
209,74,T-Shirt,Migos,5186362
210,89,You Don't Know Me - Radio Edit,Jax Jones,4852048
211,91,No Lie,Sean Paul,4766396
212,99,September Song,JP Cooper,4556972
213,108,Not Going Home,DVBBS,4265602
214,119,Cake,Flo Rida,4019442
215,126,Oceans Away,A R I Z O N A,3868357
216,130,History,Olivia Holt,3742413
217,136,Romantic - NOTD Remix,Stanaj,3650171
218,139,Moving On and Getting Over,John Mayer,3596116
219,146,The Other,Lauv,3308598
220,150,"Lose Yourself - From ""8 Mile"" Soundtrack",Eminem,3247694
221,153,Moves,Big Sean,3233380
222,155,"City Of Stars - From ""La La Land"" Soundtrack",Ryan Gosling,3227527
223,156,Let It Go,James Bay,3168682
224,158,goosebumps,Travis Scott,3149298
225,161,Love$ick,Mura Masa,3124888
226,163,Both (feat. Drake),Gucci Mane,3091348
227,164,Love on the Weekend,John Mayer,3079976
228,165,Oh Lord,MiC LOWRY,3068806
229,166,Cocoon,Milky Chance,3045690
230,170,Selfish,PnB Rock,2958265
231,174,Te Quiero Pa´Mi,Don Omar,2931405
232,177,'Till I Collapse,Eminem,2911173
233,179,On Hold,The xx,2907917
234,180,Party,Chris Brown,2894718
235,181,Chillax (feat. Ky-Mani Marley),Farruko,2890431
236,184,Let Her Go,Passenger,2880251
237,187,Million Reasons,Lady Gaga,2835700
238,189,All of Me,John Legend,2800126
239,190,"Another Day Of Sun - From ""La La Land"" Soundtrack",La La Land Cast,2777451
240,191,White Iverson,Post Malone,2767030
241,194,"I See Fire - From ""The Hobbit - The Desolation Of Smaug""",Ed Sheeran,2727789
242,195,Never Be Like You,Flume,2720855
243,196,Congratulations,Post Malone,2695783
244,198,Stay With Me,Sam Smith,2652008
245,199,Take Me To Church,Hozier,2635814
246,200,The Scientist,Coldplay,2632233
247,3,It Ain't Me (with Selena Gomez),Kygo,29318031
248,6,Scared to Be Lonely,Martin Garrix,22617665
249,7,Chained To The Rhythm,Katy Perry,20445862
250,17,Run Up (feat. PARTYNEXTDOOR & Nicki Minaj),Major Lazer,13758798
251,21,Believer,Imagine Dragons,13118274
252,29,Cold,Maroon 5,11487524
253,34,How Would You Feel (Paean),Ed Sheeran,11027495
254,62,Love,Lana Del Rey,6326802
255,69,Mask Off,Future,5939010
256,75,Body Like A Back Road,Sam Hunt,5777312
257,84,Rent Money,Future,5334264
258,92,Heavy (feat. Kiiara),Linkin Park,5028269
259,95,Draco,Future,4891332
260,101,"Sola (Remix) [feat. Daddy Yankee, Wisin, Farruko, Zion & Lennox]",Anuel Aa,4789230
261,102,Tunnel Vision,Kodak Black,4773972
262,105,Sooner Or Later,Aaron Carter,4688040
263,108,La Rompe Corazones,Daddy Yankee,4650745
264,114,No Favors,Big Sean,4523525
265,120,Skin,Rag'n'Bone Man,4421391
266,121,Be The One,Dua Lipa,4404879
267,131,Look at Me!,XXXTENTACION,4166659
268,132,Something Just Like This,The Chainsmokers,4164649
269,137,"Helium - From ""Fifty Shades Darker (Original Motion Picture Soundtrack)""",Sia,4026136
270,152,Me Rehúso,Danny Ocean,3634707
271,154,Location,Khalid,3587802
272,158,"Bom Bidi Bom - From ""Fifty Shades Darker (Original Motion Picture Soundtrack)""",Nick Jonas,3572356
273,159,Down,Marian Hill,3542941
274,160,Tuesday,Burak Yeter,3533986
275,163,Shooting Stars,Bag Raiders,3461348
276,166,I Love You,Axwell /\ Ingrosso,3397256
277,171,Some Way,NAV,3353225
278,180,Thumbs,Sabrina Carpenter,3192398
279,186,Slippery (feat. Gucci Mane),Migos,3126986
280,187,All I Need,Joakim Lundell,3125372
281,189,Super Trapper,Future,3104203
282,198,Shining (feat. Beyoncé & Jay-Z),DJ Khaled,3036355
283,199,Magic,Thomas Gold,3035366
284,200,Same Drugs,Chance the Rapper,3019555
285,2,Passionfruit,Drake,32675350
286,5,Galway Girl,Ed Sheeran,24106534
287,7,Stay (with Alessia Cara),Zedd,23006805
288,13,Slide,Calvin Harris,17743602
289,16,Symphony (feat. Zara Larsson),Clean Bandit,16964100
290,17,Portland,Drake,16950176
291,19,Blem,Drake,15105282
292,26,Perfect,Ed Sheeran,13076319
293,27,Happier,Ed Sheeran,12834035
294,29,Gyalchester,Drake,12637529
295,33,Green Light,Lorde,11685159
296,34,Free Smoke,Drake,11604929
297,37,Get It Together,Drake,11240089
298,38,Swalla (feat. Nicki Minaj & Ty Dolla $ign),Jason Derulo,11229396
299,40,SUBEME LA RADIO,Enrique Iglesias,11129984
300,41,The Heart Part 4,Kendrick Lamar,10856173
301,44,Teenage Fever,Drake,10303192
302,46,Still Got Time,ZAYN,10037227
303,47,Dive,Ed Sheeran,9994716
304,49,Madiba Riddim,Drake,9474088
305,52,No Long Talk,Drake,9172523
306,57,Sacrifices,Drake,8673313
307,58,KMT,Drake,8610274
308,59,4422,Drake,8516503
309,60,New Man,Ed Sheeran,8438070
310,66,Jorja Interlude,Drake,8014429
311,67,What Do I Know?,Ed Sheeran,8010409
312,73,Do Not Disturb,Drake,6864528
313,74,Supermarket Flowers,Ed Sheeran,6778051
314,76,Barcelona,Ed Sheeran,6738509
315,81,Skepta Interlude,Drake,6367283
316,84,Ice Melts,Drake,6149834
317,86,XO TOUR Llif3,Lil Uzi Vert,6087902
318,91,Can't Have Everything,Drake,5934900
319,92,Nancy Mulligan,Ed Sheeran,5868270
320,96,Glow,Drake,5645117
321,98,Nothings Into Somethings,Drake,5629164
322,99,Everyday,Ariana Grande,5627473
323,100,Sigo Extrañándote,J Balvin,5624944
324,102,Look At Me!,XXXTENTACION,5487987
325,103,Lose You,Drake,5487507
326,105,Hearts Don't Break Around Here,Ed Sheeran,5452153
327,110,Eraser,Ed Sheeran,5141344
328,114,Hey Ma (with Pitbull & J Balvin feat. Camila Cabello) - Spanish Version,Pitbull,5056335
329,118,All Night (feat. Knox Fortune),Chance the Rapper,4975305
330,119,Saturnz Barz (feat. Popcaan),Gorillaz,4930842
331,120,Light My Body Up (feat. Nicki Minaj & Lil Wayne),David Guetta,4927676
332,123,Bibia Be Ye Ye,Ed Sheeran,4853397
333,124,Since Way Back,Drake,4848956
334,130,At My Best (feat. Hailee Steinfeld),Machine Gun Kelly,4674057
335,132,Rolex,Ayo & Teo,4656943
336,135,美女と野獣,Ariana Grande,4598911
337,136,Andromeda (feat. DRAM),Gorillaz,4506558
338,137,Save Myself,Ed Sheeran,4503100
339,166,Alguien Robo,Sebastian Yatra,3897435
340,171,Ascension (feat. Vince Staples),Gorillaz,3763762
341,177,No Frauds,Nicki Minaj,3639417
342,180,Lights Down Low,MAX,3547583
343,188,Ciao Adios,Anne-Marie,3462516
344,195,Chanel,Frank Ocean,3322230
345,197,Good Life (with G-Eazy & Kehlani),G-Eazy,3296438
346,1,Despacito - Remix,Luis Fonsi,43222758
347,3,HUMBLE.,Kendrick Lamar,36075217
348,6,DNA.,Kendrick Lamar,23979164
349,18,LOYALTY. FEAT. RIHANNA.,Kendrick Lamar,15485165
350,21,There's Nothing Holdin' Me Back,Shawn Mendes,14752372
351,22,ELEMENT.,Kendrick Lamar,14405202
352,23,Sign of the Times,Harry Styles,14294931
353,24,LOVE. FEAT. ZACARI.,Kendrick Lamar,13761753
354,39,The Cure,Lady Gaga,10176057
355,42,XXX. FEAT. U2.,Kendrick Lamar,9953029
356,45,The One,The Chainsmokers,9784455
357,47,Now Or Never,Halsey,9516146
358,48,YAH.,Kendrick Lamar,9511615
359,50,Lust for Life (with The Weeknd),Lana Del Rey,9273187
360,52,PRIDE.,Kendrick Lamar,8715306
361,56,No Promises (feat. Demi Lovato),Cheat Codes,8394696
362,59,FEEL.,Kendrick Lamar,8314783
363,60,Unforgettable,French Montana,8170373
364,61,LUST.,Kendrick Lamar,7986416
365,62,Pretty Girl - Cheat Codes X CADE Remix,Maggie Lindemann,7934829
366,68,Felices los 4,Maluma,7635424
367,71,The Night We Met,Lord Huron,7159337
368,78,Attention,Charlie Puth,6769441
369,81,do re mi,Blackbear,6526162
370,82,Escápate Conmigo,Wisin,6448661
371,84,FEAR.,Kendrick Lamar,6430471
372,87,Hard Times,Paramore,6236075
373,89,GOD.,Kendrick Lamar,6069031
374,96,Ahora Dice,Chris Jeday,5803385
375,98,DUCKWORTH.,Kendrick Lamar,5765140
376,101,BLOOD.,Kendrick Lamar,5629475
377,106,Drowning (feat. Kodak Black),A Boogie Wit da Hoodie,5139073
378,112,Heatstroke,Calvin Harris,4840593
379,116,Break Up Every Night,The Chainsmokers,4777443
380,123,Obsession (feat. Jon Bellion),Vice,4662178
381,124,Me Enamoré,Shakira,4643563
382,134,Bad Bitch (feat. Ty Dolla $ign),Bebe Rexha,4220373
383,136,TG4M,Zara Larsson,4188050
384,174,Lumbra,Cali Y El Dandee,3346617
385,178,Nights With You,MØ,3327751
386,185,Get Right Witcha,Migos,3234023
387,187,Hey DJ,CNCO,3221430
388,190,Up,NAV,3191345
389,195,Deja vu,Prince Royce,3114258
390,2,"I'm the One (feat. Justin Bieber, Quavo, Chance the Rapper & Lil Wayne)",DJ Khaled,39581415
391,6,Bad Liar,Selena Gomez,21977487
392,7,Malibu,Miley Cyrus,21811821
393,21,First Time,Kygo,16564097
394,22,Thunder,Imagine Dragons,16357231
395,27,1-800-273-8255,Logic,13937688
396,30,Strip That Down,Liam Payne,13467979
397,36,Slow Hands,Niall Horan,11859154
398,43,Rollin,Calvin Harris,10641464
399,44,Crying in the Club,Camila Cabello,10277382
400,47,Bon appétit,Katy Perry,9449542
401,52,Mama,Jonas Blue,8968185
402,53,Swish Swish,Katy Perry,8698559
403,54,Most Girls,Hailee Steinfeld,8567507
404,66,Quit (feat. Ariana Grande),Cashmere Cat,7388506
405,76,No Vacancy,OneRepublic,6724208
406,82,Sweet Creature,Harry Styles,6342271
407,89,Whatever It Takes,Imagine Dragons,5829296
408,99,Tu Foto,Ozuna,5664891
409,102,Whippin (feat. Felix Snow),Kiiara,5442016
410,111,Magnolia,Playboi Carti,5118951
411,117,Tired,Alan Walker,4733356
412,125,OK,Robin Schulz,4495771
413,135,Kiwi,Harry Styles,4020944
414,141,Switch,Iggy Azalea,3934056
415,146,Everybody,Logic,3814850
416,154,wokeuplikethis*,Playboi Carti,3679266
417,155,Báilame,Nacho,3676033
418,158,Hunter,Galantis,3644705
419,160,Carolina,Harry Styles,3625014
420,164,BUTTERFLY EFFECT,Travis Scott,3588126
421,167,Si Tú La Ves (feat. Wisin),Nicky Jam,3549550
422,186,Two Ghosts,Harry Styles,3225894
423,189,Be Mine,Ofenbach,3185467
424,190,No More Sad Songs,Little Mix,3176895
425,198,Besándote,Piso 21,3072322
426,2,Wild Thoughts (feat. Rihanna & Bryson Tiller),DJ Khaled,31148293
427,4,2U (feat. Justin Bieber),David Guetta,26556776
428,8,Feels,Calvin Harris,20953829
429,19,Signs,Drake,15960379
430,20,There for You,Martin Garrix,15581457
431,25,More Than You Know,Axwell /\ Ingrosso,13941245
432,32,Mi Gente,J Balvin,12176209
433,33,"Know No Better (feat. Travis Scott, Camila Cabello & Quavo)",Major Lazer,12055667
434,36,Your Song,Rita Ora,11853127
435,58,I Like Me Better,Lauv,7270630
436,61,Una Lady Como Tú,Manuel Turizo,7052780
437,65,Bonita,J Balvin,6827731
438,90,Came Here for Love,Sigala,5311765
439,91,No Complaints,Metro Boomin,5244083
440,101,4 AM,2 Chainz,4843402
441,110,Cash Out,Calvin Harris,4412014
442,114,Homemade Dynamite,Lorde,4248713
443,117,Reminding Me,Shawn Hook,4217603
444,119,Don't Quit (feat. Travis Scott & Jeremih),DJ Khaled,4214500
445,120,Prayers Up,Calvin Harris,4213019
446,129,It's A Vibe,2 Chainz,4141579
447,135,Young Dumb & Broke,Khalid,3943315
448,143,Two High,Moon Taxi,3832385
449,147,One Last Time,Ariana Grande,3809250
450,149,Hot2Touch,Felix Jaehn,3717517
451,150,Faking It,Calvin Harris,3709561
452,153,Summer Air,ItaloBrothers,3672554
453,154,Paradinha,Anitta,3662237
454,158,The Way I Are (Dance With Somebody) [feat. Lil Wayne],Bebe Rexha,3626261
455,160,Can I Be Him,James Arthur,3610953
456,161,Skrt On Me,Calvin Harris,3597699
457,162,911 / Mr. Lonely,"Tyler, The Creator",3532557
458,169,Who Dat Boy,"Tyler, The Creator",3424032
459,180,Love Galore (feat. Travis Scott),SZA,3254319
460,187,Si Tu Novio Te Deja Sola,J Balvin,3163562
461,194,Wonderwall - Remastered,Oasis,3044041
462,196,Uh Huh,Julia Michaels,3031718
463,199,Craving You,Thomas Rhett,3018667
464,200,Power (feat. Stormzy),Little Mix,3014023
465,14,Sorry Not Sorry,Demi Lovato,16349185
466,17,Fetish (feat. Gucci Mane),Selena Gomez,15407106
467,22,New Rules,Dua Lipa,13608028
468,26,Back to You (feat. Bebe Rexha & Digital Farm Animals),Louis Tomlinson,13152124
469,38,Bank Account,21 Savage,10729923
470,40,Glorious (feat. Skylar Grey),Macklemore,10430399
471,57,Praying,Kesha,7252697
472,63,Rich Love (with Seeb),OneRepublic,6886078
473,67,Feel It Still,Portugal. The Man,6491874
474,69,Get Low (with Liam Payne),Zedd,6481070
475,72,In The End,Linkin Park,6385410
476,90,Numb,Linkin Park,5298868
477,108,Sua Cara (feat. Anitta & Pabllo Vittar),Major Lazer,4638339
478,109,Would You Ever,Skrillex,4576424
479,113,Boys,Charli XCX,4286210
480,115,Super Far,LANY,4280587
481,124,All My Love (feat. Conor Maynard),Cash Cash,4120331
482,135,Mayores,Becky G,3917416
483,138,Bodak Yellow,Cardi B,3720528
484,140,Complicated (feat. Kiiara),Dimitri Vegas & Like Mike,3682933
485,142,Instruction (feat. Demi Lovato & Stefflon Don),Jax Jones,3652756
486,153,Bella y Sensual,Romeo Santos,3539913
487,154,Imitadora,Romeo Santos,3520387
488,159,Rake It Up,Yo Gotti,3470634
489,162,Ni Tú Ni Yo (feat. Gente de Zona),Jennifer Lopez,3441196
490,164,What I've Done,Linkin Park,3319099
491,175,Why,Sabrina Carpenter,3213467
492,176,Learn To Let Go,Kesha,3211380
493,181,One More Light,Linkin Park,3165642
494,184,Go Flex,Post Malone,3143995
495,188,Lust For Life (with The Weeknd),Lana Del Rey,3104959
496,194,Loca (feat. Cali Y El Dandee),Maite Perroni,3072434
497,195,Sun Comes Up (feat. James Arthur),Rudimental,3045155
498,1,Look What You Made Me Do,Taylor Swift,35206453
499,4,Friends (with BloodPop®),Justin Bieber,23215552
500,8,Havana,Camila Cabello,19138667
501,11,Silence,Marshmello,18035809
502,13,...Ready For It?,Taylor Swift,17583532
503,25,Without You (feat. Sandro Cavazza),Avicii,14265876
504,26,Jocelyn Flores,XXXTENTACION,14256608
505,29,What Lovers Do (feat. SZA),Maroon 5,13652351
506,35,What About Us,P!nk,11996582
507,39,Lonely Together (feat. Rita Ora),Avicii,10705326
508,42,Fuck Love (feat. Trippie Redd),XXXTENTACION,10173349
509,58,Questions,Chris Brown,7471959
510,61,Everybody Dies In Their Nightmares,XXXTENTACION,7167018
511,64,The Way Life Goes (feat. Oh Wonder),Lil Uzi Vert,6940416
512,68,Robarte un Beso,Carlos Vives,6803032
513,69,Reggaetón Lento (Remix),CNCO,6602123
514,76,Tú Foto,Ozuna,6323933
515,77,I Get The Bag (feat. Migos),Gucci Mane,6298698
516,79,Krippy Kush,Farruko,6214391
517,82,If I'm Lucky,Jason Derulo,5984377
518,83,OMG,Camila Cabello,5983334
519,84,Báilame - Remix,Nacho,5941527
520,95,Roll In Peace (feat. XXXTENTACION),Kodak Black,5399787
521,99,Revenge,XXXTENTACION,5172888
522,113,El Farsante,Ozuna,4696873
523,115,Se Preparó,Ozuna,4630735
524,121,Que Va,Alex Sensation,4437415
525,129,Sauce It Up,Lil Uzi Vert,4267903
526,134,Depression & Obsession,XXXTENTACION,4188233
527,135,X,Lil Uzi Vert,4178369
528,140,Loco Enamorado,Abraham Mateo,4101269
529,143,do re mi (feat. Gucci Mane),Blackbear,4080708
530,144,Ahora Me Llama,Karol G,4018696
531,147,Carry On,XXXTENTACION,3972666
532,148,Perplexing Pegasus,Rae Sremmurd,3971215
533,159,Rain,The Script,3801890
534,161,Save Me,XXXTENTACION,3702129
535,163,444+222,Lil Uzi Vert,3679297
536,166,Marmalade (feat. Lil Yachty),Macklemore,3581680
537,175,The Race,Tay-K,3434002
538,178,Think Before I Talk,Astrid S,3403038
539,195,Bebe (feat. Anuel AA),Ozuna,3107849
540,196,Relationship (feat. Future),Young Thug,3104172
541,197,Explícale,Yandel,3100361
542,1,rockstar,Post Malone,46473893
543,3,Too Good At Goodbyes - Edit,Sam Smith,23507492
544,4,Dusk Till Dawn - Radio Edit,ZAYN,22376234
545,15,Mi Gente (feat. Beyoncé),J Balvin,15823808
546,41,I Fall Apart,Post Malone,9833961
547,46,Stargazing,Kygo,9199134
548,47,"Let Me Go (with Alesso, Florida Georgia Line & watt)",Hailee Steinfeld,9152623
549,48,Too Much To Ask,Niall Horan,9152059
550,62,"Homemade Dynamite (Feat. Khalid, Post Malone & SZA) - REMIX",Lorde,7114117
551,67,Criminal,Natti Natasha,6828882
552,69,Good Old Days (feat. Kesha),Macklemore,6780770
553,71,DNA,BTS,6687342
554,72,Gucci Gang,Lil Pump,6611744
555,78,Meant to Be (feat. Florida Georgia Line),Bebe Rexha,6181150
556,91,A Different Way (with Lauv),DJ Snake,5730006
557,105,Suena El Dembow,Joey Montana,5140695
558,106,Bad At Love,Halsey,5104349
559,110,Explícale (feat. Bad Bunny),Yandel,4968126
560,113,Transportin',Kodak Black,4896071
561,128,Instruction,Jax Jones,4338223
562,136,Plain Jane,A$AP Ferg,4134897
563,143,The Last Of The Real Ones,Fall Out Boy,4068904
564,147,3 A.M.,Jesse & Joy,4023294
565,148,Mr. Brightside,The Killers,4003004
566,150,Candy Paint,Post Malone,3941267
567,154,Como Antes (feat. Wisin),Yandel,3847374
568,158,Curve (feat. The Weeknd),Gucci Mane,3814700
569,175,I Just Can't,R3HAB,3577937
570,177,The Spectre,Alan Walker,3560748
571,187,Younger Now,Miley Cyrus,3438591
572,197,Free Fallin',Tom Petty,3273724
573,4,Wolves,Selena Gomez,22975485
574,11,Let You Down,NF,18223998
575,19,How Long,Charlie Puth,13830501
576,45,MotorSport,Migos,9541096
577,47,Gorgeous,Taylor Swift,9028227
578,52,Perro Fiel (feat. Nicky Jam),Shakira,7703338
579,74,I Miss You (feat. Julia Michaels),Clean Bandit,6543306
580,80,Bedroom Floor,Liam Payne,6331893
581,85,Vuelve,Daddy Yankee,5893895
582,86,Ghostface Killers,21 Savage,5872556
583,88,No Limit,G-Eazy,5793589
584,92,Man's Not Hot,Big Shaq,5570344
585,96,Was Du Liebe nennst,Bausa,5467145
586,97,Kids in Love,Kygo,5433709
587,103,Anywhere,Rita Ora,5240590
588,106,All Falls Down (feat. Juliander),Alan Walker,5037367
589,111,Feels Great (feat. Fetty Wap & CVBZ),Cheat Codes,4875404
590,119,Pray,Sam Smith,4691312
591,126,New,Daya,4454569
592,132,Thriller,Michael Jackson,4210906
593,143,Burning,Sam Smith,3996711
594,144,Help Me Out (with Julia Michaels),Maroon 5,3980119
595,148,Ric Flair Drip (& Metro Boomin),Offset,3940583
596,154,Patek Water,Future,3841357
597,167,SUTRA,Sebastian Yatra,3564470
598,173,Pills & Automobiles,Chris Brown,3522917
599,174,Is That For Me,Alesso,3514961
600,175,New Freezer (feat. Kendrick Lamar),Rich The Kid,3510352
601,177,What Ifs,Kane Brown,3488593
602,189,Easy Love,Lauv,3373278
603,192,Rap Saved Me,21 Savage,3365677
604,3,Perfect Duet (Ed Sheeran & Beyoncé),Ed Sheeran,26494583
605,8,Too Good At Goodbyes,Sam Smith,20232108
606,12,Échame La Culpa,Luis Fonsi,18807868
607,22,Him & I,G-Eazy,12997274
608,25,Sensualidad,Bad Bunny,12338839
609,31,Downtown,Anitta,11129371
610,50,Havana - Remix,Camila Cabello,8348340
611,53,Corazón,Maluma,7906423
612,55,Betrayed,Lil Xan,7758555
613,60,Tip Toe (feat. French Montana),Jason Derulo,7487540
614,61,PICK IT UP (feat. A$AP Rocky),Famous Dex,7465132
615,62,So Far Away (feat. Jamie Scott & Romy Dya),Martin Garrix,7389963
616,70,"Home (with Machine Gun Kelly, X Ambassadors & Bebe Rexha)",Machine Gun Kelly,7002280
617,77,Déjala que vuelva (feat. Manuel Turizo),Piso 21,6670303
618,80,Walk On Water (feat. Beyoncé),Eminem,6577789
619,85,MIC Drop (feat. Desiigner) [Steve Aoki Remix],BTS,6463627
620,87,Escápate Conmigo (feat. Ozuna),Wisin,6329467
621,88,Wait,Maroon 5,6319899
622,102,Naked,James Arthur,5650491
623,106,Wanted You (feat. Lil Uzi Vert),NAV,5495061
624,126,Codeine Dreaming (feat. Lil Wayne),Kodak Black,5018541
625,128,Sky Walker,Miguel,5006863
626,129,End Game,Taylor Swift,4974045
627,130,Homemade Dynamite - REMIX,Lorde,4939876
628,131,Dirty Sexy Money (feat. Charli XCX & French Montana),David Guetta,4932241
629,141,Driving Home For Christmas,Chris Rea,4750671
630,157,I Did Something Bad,Taylor Swift,4352536
631,160,Chambea,Bad Bunny,4347649
632,162,GUMMO,6ix9ine,4323019
633,163,Get It Right (feat. MØ),Diplo,4310692
634,172,Tell Me You Love Me,Demi Lovato,4151253
635,175,Don’t Blame Me,Taylor Swift,4109768
636,181,Stranger Things,Kygo,4068265
637,183,Delicate,Taylor Swift,4023142
638,185,Call It What You Want,Taylor Swift,3986295
639,186,Rubbin Off The Paint,YBN Nahmir,3983619
640,190,Save That Shit,Lil Peep,3919650
641,4,River (feat. Ed Sheeran),Eminem,22115164
642,10,Him & I (with Halsey),G-Eazy,17462783
643,28,Bartier Cardi (feat. 21 Savage),Cardi B,11285907
644,46,Vai malandra (feat. Tropkillaz & DJ Yuri Martins),Anitta,9186447
645,49,Never Be the Same,Camila Cabello,8588867
646,71,Bum Bum Tam Tam,MC Fioti,6664769
647,101,Real Friends,Camila Cabello,5550953
648,113,Bella,Wolfine,5130171
649,114,Stay,Zedd,5107347
650,120,IDGAF,Dua Lipa,4847913
651,126,Rewrite The Stars,Zac Efron,4693532
652,130,This Is Me,Keala Settle,4598787
653,136,Sober,G-Eazy,4497031
654,140,Billie Jean,Michael Jackson,4317606
655,150,Stir Fry,Migos,4215012
656,155,Can't Hold Us - feat. Ray Dalton,Macklemore & Ryan Lewis,4152363
657,156,Saint,Huncho Jack,4148336
658,163,The Greatest Show,Hugh Jackman,4068016
659,169,Olha a Explosão,MC Kevinho,3840017
660,171,Dreamer,Axwell /\ Ingrosso,3792747
661,172,Dubai Shit,Huncho Jack,3781196
662,176,Never Enough,Loren Allred,3711418
663,177,Pumped Up Kicks,Foster The People,3684926
664,180,Hey Ya! - Radio Mix / Club Mix,OutKast,3635414
665,184,Quiero Repetir,Ozuna,3596188
666,187,Síguelo Bailando,Ozuna,3550311
667,192,A Million Dreams,Ziv Zaifman,3514340
668,195,September,"Earth, Wind & Fire",3476906
669,196,La Modelo,Ozuna,3475428
670,197,The Weekend - Funk Wav Remix,SZA,3461444
671,198,Agora Vai Sentar,MC's Jhowzinho & Kadinho,3457583
672,199,Déjate Llevar,Juan Magán,3445360
673,1,God's Plan,Drake,54061893
674,4,Finesse (Remix) [feat. Cardi B],Bruno Mars,20260198
675,14,Sick Boy,The Chainsmokers,14973023
676,15,All The Stars (with SZA),Kendrick Lamar,14904298
677,24,Narcos,Migos,12517414
678,28,The Middle,Zedd,12200748
679,30,Walk It Talk It,Migos,11871747
680,45,Say Something,Justin Timberlake,10030315
681,49,Mine,Bazzi,9529305
682,51,EL BAÑO,Enrique Iglesias,9412949
683,54,Diplomatic Immunity,Drake,9109979
684,55,BBO (Bad Bitches Only),Migos,9035628
685,57,Dura,Daddy Yankee,8887504
686,60,Notice Me,Migos,8327068
687,62,"These Days (feat. Jess Glynne, Macklemore & Dan Caplen)",Rudimental,8111587
688,64,Machika,J Balvin,7958019
689,74,For You (Fifty Shades Freed) (& Rita Ora),Liam Payne,7157101
690,80,Gang Gang,Migos,6973684
691,81,Supastars,Migos,6939524
692,83,She Loves Control,Camila Cabello,6918334
693,84,My My My!,Troye Sivan,6876946
694,92,White Sand,Migos,6513207
695,114,Nowadays (feat. Landon Cube),Lil Skies,5533077
696,115,Miss You (with Major Lazer & Tory Lanez),Cashmere Cat,5526481
697,118,Solita,Ozuna,5476103
698,122,Emoji A Chain,Migos,5354839
699,123,Esperándote,Manuel Turizo,5326580
700,125,The Other Side,Hugh Jackman,5293816
701,126,Dembow,Danny Ocean,5278627
702,130,Higher We Go - Intro,Migos,5211916
703,134,"King's Dead (with Kendrick Lamar, Future & James Blake)",Jay Rock,5104211
704,139,Capital Letters,Hailee Steinfeld,5021689
705,141,Scooby Doo Pa Pa,Dj Kass,4932545
706,146,Breathe,Jax Jones,4864351
707,152,Auto Pilot,Migos,4789518
708,159,CC,Migos,4647065
709,164,KEKE,6ix9ine,4566519
710,166,Filthy,Justin Timberlake,4544744
711,173,Come Alive,Hugh Jackman,4331674
712,175,Barking,Ramz,4319886
713,182,Too Much Jewelry,Migos,4241959
714,183,Spotlight,Marshmello,4241286
715,184,From Now On,Hugh Jackman,4229412
716,188,Cara Italia,Ghali,4187081
717,189,Cupido (feat. Quavo),Sfera Ebbasta,4178358
718,2,Psycho (feat. Ty Dolla $ign),Post Malone,45142484
719,6,Pray For Me (with Kendrick Lamar),The Weeknd,22044744
720,7,FRIENDS,Marshmello,21497890
721,8,Look Alive (feat. Drake),BlocBoy JB,21284619
722,10,Amorfoda,Bad Bunny,20012260
723,15,Love Lies (with Normani),Khalid,17673376
724,40,44 More,Logic,10807964
725,42,Heaven,Julia Michaels,10190097
726,51,Want You Back,5 Seconds of Summer,8842580
727,53,The Ways (with Swae Lee),Khalid,8569785
728,57,X (with 2 Chainz & Saudi),ScHoolboy Q,8376464
729,64,Me Niego,Reik,7653019
730,80,You Owe Me,The Chainsmokers,6671953
731,86,BILLY,6ix9ine,6347537
732,90,RONDO,6ix9ine,6122294
733,99,Like I Do,David Guetta,5890600
734,105,Big Shot (with Travis Scott),Kendrick Lamar,5689347
735,107,Paramedic!,SOB X RBE,5678477
736,108,"1, 2, 3 (feat. Jason Derulo & De La Ghetto)",Sofia Reyes,5677148
737,115,Bounce Out With That,YBN Nahmir,5397587
738,122,Next To Me,Imagine Dragons,5213958
739,152,Getting Over You,Lauv,4352561
740,154,El Farsante - Remix,Ozuna,4346499
741,175,Opps (with Yugen Blakrok),Vince Staples,4025948
742,188,Black Panther,Kendrick Lamar,3851259
743,190,Cocky,A$AP Rocky,3823251
744,192,Wait (feat. A Boogie Wit da Hoodie),Maroon 5,3797718
745,194,Red Roses (feat. Landon Cube),Lil Skies,3774679
746,200,Leave a Light On,Tom Walker,3676340
747,1,Call Out My Name,The Weeknd,40628023
748,6,Try Me,The Weeknd,24189356
749,7,SAD!,XXXTENTACION,22478204
750,8,Wasted Times,The Weeknd,21345197
751,11,Freaky Friday (feat. Chris Brown),Lil Dicky,20034897
752,16,Hurt You,The Weeknd,17639162
753,17,I Was Never There,The Weeknd,17597962
754,19,In My Blood,Shawn Mendes,16340800
755,21,Privilege,The Weeknd,15068329
756,25,Plug Walk,Rich The Kid,13541217
757,30,Moonlight,XXXTENTACION,11891884
758,42,Nevermind,Dennis Lloyd,9682569
759,46,Lost In Japan,Shawn Mendes,9508929
760,47,Mad Love,Sean Paul,9291803
761,48,Remind Me to Forget,Kygo,9288664
762,53,Powerglide (feat. Juicy J),Rae Sremmurd,8493716
763,58,changes,XXXTENTACION,7807749
764,60,Lemon - Drake Remix,N.E.R.D,7799031
765,69,Flames,David Guetta,7087435
766,75,El Préstamo,Maluma,6825315
767,78,1950,King Princess,6679903
768,79,JAPAN,Famous Dex,6641492
769,89,Be Careful,Cardi B,6053194
770,90,Everybody Hates Me,The Chainsmokers,6025394
771,106,the remedy for a broken heart (why am I so in love),XXXTENTACION,5213690
772,107,Bad Company,A$AP Rocky,5211831
773,120,Beautiful,Bazzi,4881286
774,138,OKRA,"Tyler, The Creator",4523203
775,139,Te Amo,Piso 21,4468706
776,141,66,Lil Yachty,4433655
777,143,La Player (Bandolera),Zion & Lennox,4405038
778,147,Indecente,Anitta,4343129
779,155,Pineapple (feat. Gucci Mane & Quavo),Ty Dolla $ign,4218652
780,163,Ahora,J Balvin,4017868
781,164,Africa,Toto,4017390
782,165,You Are The Reason,Calum Scott,4003085
783,171,Loca Remix,Khea,3913921
784,175,I'm Yours,Jason Mraz,3894090
785,179,Tequila,Dan + Shay,3833887
786,181,Paradise,George Ezra,3801625
787,184,El Clavo,Prince Royce,3761994
788,185,going down!,XXXTENTACION,3761268
789,187,Done For Me (feat. Kehlani),Charlie Puth,3709030
790,188,End Of Discussion (feat. Lil Wayne),Rich The Kid,3674205
791,190,Halo,Beyoncé,3659069
792,194,NUMB,XXXTENTACION,3632224
793,196,Alien,Sabrina Carpenter,3597952
794,198,Say Amen (Saturday Night),Panic! At The Disco,3594335
795,199,Chasing Fire,Lauv,3592475
796,1,Better Now,Post Malone,40788286
797,3,Nice For What,Drake,32410762
798,4,Paranoid,Post Malone,31182644
799,5,no tears left to cry,Ariana Grande,29862555
800,7,One Kiss (with Dua Lipa),Calvin Harris,27860728
801,8,rockstar (feat. 21 Savage),Post Malone,26920146
802,9,Spoil My Night (feat. Swae Lee),Post Malone,25175356
803,10,Rich & Sad,Post Malone,24285634
804,13,Over Now,Post Malone,22173263
805,15,Ball For Me (feat. Nicki Minaj),Post Malone,21648376
806,16,Zack And Codeine,Post Malone,21279106
807,17,I Like It,Cardi B,20725789
808,18,Same Bitches (feat. G-Eazy & YG),Post Malone,19969213
809,19,Takin' Shots,Post Malone,19954804
810,23,92 Explorer,Post Malone,17856059
811,25,Otherside,Post Malone,17392639
812,27,Blame It On Me,Post Malone,16190661
813,32,KOD,J. Cole,14752310
814,33,Sugar Wraith,Post Malone,13978538
815,36,Wake Me Up - Radio Edit,Avicii,12451453
816,38,Te Boté - Remix,Nio Garcia,12128029
817,46,OTW,Khalid,11460746
818,49,Jonestown (Interlude),Post Malone,11226977
819,52,Playinwitme (feat. Kehlani),KYLE,10386621
820,54,Kevin’s Heart,J. Cole,9830532
821,55,ATM,J. Cole,9350035
822,62,Let Me,ZAYN,8949951
823,63,2002,Anne-Marie,8899988
824,69,Levels - Radio Edit,Avicii,8133286
825,71,Youngblood,5 Seconds of Summer,8101729
826,73,Motiv8,J. Cole,8055124
827,76,Esskeetit,Lil Pump,7810283
828,81,I Wanna Know (feat. Bea Miller),NOTD,7385687
829,83,1985 - Intro to “The Fall Off”,J. Cole,7300048
830,84,Familiar,Liam Payne,7252279
831,85,Famous,Mason Ramsey,7240523
832,86,Waiting For Love,Avicii,7048447
833,93,Chun-Li,Nicki Minaj,6699711
834,96,Somebody,The Chainsmokers,6618002
835,114,The Nights,Avicii,5947362
836,116,lovely (with Khalid),Billie Eilish,5895558
837,118,Hey Brother,Avicii,5785265
838,122,Neymar,Capital Bra,5484425
839,123,Sin Pijama,Becky G,5386051
840,127,Madura (feat. Bad Bunny),Cosculluela,5307812
841,142,Answerphone (feat. Yxng Bane),Banx & Ranx,4930069
842,145,BRACKETS,J. Cole,4883199
843,150,Dura - Remix,Daddy Yankee,4813672
844,155,The Cut Off (feat. kiLL edward),J. Cole,4700772
845,157,1942,G-Eazy,4688527
846,166,Drip (feat. Migos),Cardi B,4550641
847,170,Lift Yourself,Kanye West,4447429
848,171,Ye vs. the People (starring TI as the People),Kanye West,4422052
849,173,Drink About,Seeb,4384916
850,180,GOTTI,6ix9ine,4339222
851,181,Window Pain - Outro,J. Cole,4327915
852,183,Só Quer Vrau,MC MM,4291810
853,185,I Do (feat. SZA),Cardi B,4224554
854,191,Nena Maldicion (feat. Lenny Tavarez),Paulo Londra,4081945
855,198,To My Love - Tainy Remix,Bomba Estéreo,4032327
856,3,All Mine,Kanye West,27716117
857,5,Yikes,Kanye West,23601268
858,6,Ghost Town,Kanye West,23175643
859,9,Back To You,Selena Gomez,20912096
860,12,Lucid Dreams,Juice WRLD,19288712
861,14,This Is America,Childish Gambino,18242269
862,16,Wouldn't Leave,Kanye West,17762451
863,18,I Thought About Killing You,Kanye West,16851806
864,20,Violent Crimes,Kanye West,16417107
865,21,Solo (feat. Demi Lovato),Clean Bandit,16362333
866,22,Girls Like You (feat. Cardi B),Maroon 5,16103275
867,23,No Mistakes,Kanye West,15447339
868,24,Yes Indeed,Lil Baby,14987143
869,31,I'm Upset,Drake,12948208
870,36,Youth feat. Khalid,Shawn Mendes,12068729
871,40,Taste (feat. Offset),Tyga,11343659
872,41,Praise The Lord (Da Shine),A$AP Rocky,11206771
873,51,FAKE LOVE,BTS,9165232
874,52,Jackie Chan,Tiësto,8992186
875,60,All Girls Are The Same,Juice WRLD,8288887
876,63,New Light,John Mayer,8141191
877,64,Nervous,Shawn Mendes,8017396
878,75,I'll Be There,Jess Glynne,7008908
879,81,La Cintura,Alvaro Soler,6729127
880,82,TATI,6ix9ine,6706761
881,83,Audio,Sia,6624472
882,85,Powerglide (feat. Juicy J) - From SR3MM,Rae Sremmurd,6528914
883,86,Por Perro,Sebastian Yatra,6511339
884,88,"Girls (feat. Cardi B, Bebe Rexha & Charli XCX)",Rita Ora,6399438
885,89,"Welcome to the Party (with French Montana & Lil Pump, feat. Zhavia Ward) - from Deadpool 2",Diplo,6365443
886,92,Bella - Remix,Wolfine,6211716
887,98,Watch (feat. Lil Uzi Vert & Kanye West),Travis Scott,5827513
888,105,Start Again (feat. Logic),OneRepublic,5612208
889,107,Shoota (feat. Lil Uzi Vert),Playboi Carti,5579779
890,113,Give Yourself A Try,The 1975,5439701
891,114,Ambiente,J Balvin,5414911
892,126,Corazón (feat. Nego do Borel),Maluma,5023170
893,137,Sangria Wine,Pharrell Williams,4798990
894,139,Champion (feat. Travis Scott),NAV,4762916
895,140,Unica,Ozuna,4735816
896,153,Mi Cama,Karol G,4589975
897,155,Body,Loud Luxury,4562745
898,164,One Night Stand,Capital Bra,4441599
899,171,Ao Vivo E A Cores,Matheus & Kauan,4289412
900,174,Where Were You In The Morning?,Shawn Mendes,4240304
901,179,Duro y Suave,Leslie Grace,4166711
902,184,Entertainer,ZAYN,4136547
903,187,Humility (feat. George Benson),Gorillaz,4115165
904,188,If You're Over Me,Years & Years,4112204
905,200,Rise,Jonas Blue,3957803
906,1,Nonstop,Drake,43697135
907,2,Don’t Matter To Me,Drake,43314851
908,5,In My Feelings,Drake,30123256
909,6,Emotionless,Drake,29680801
910,8,Survival,Drake,27089507
911,9,Elevate,Drake,26995718
912,11,Mob Ties,Drake,25933856
913,12,8 Out Of 10,Drake,25910256
914,18,Talk Up,Drake,23481853
915,19,Can’t Take A Joke,Drake,22191046
916,24,Sandra’s Rose,Drake,18430122
917,31,Summer Games,Drake,17119220
918,33,Ocean (feat. Khalid),Martin Garrix,15871118
919,34,Blue Tint,Drake,15573446
920,35,Jaded,Drake,15159136
921,36,Peak,Drake,15117184
922,37,Is There More,Drake,14967758
923,38,Finesse,Drake,14514123
924,39,That’s How You Feel,Drake,14357593
925,40,After Dark,Drake,14263999
926,44,Born To Be Yours,Kygo,12701709
927,46,Ratchet Happy Birthday,Drake,12370043
928,47,Bed (feat. Ariana Grande),Nicki Minaj,12252624
929,53,APESHIT,The Carters,10959287
930,54,March 14,Drake,10659186
931,55,Final Fantasy,Drake,10460366
932,77,No Es Justo,J Balvin,8017164
933,86,Clandestino,Shakira,7116722
934,91,Hope,XXXTENTACION,6766718
935,93,Live It Up - Official Song 2018 FIFA World Cup Russia,Nicky Jam,6699032
936,97,X - Remix,Nicky Jam,6645232
937,102,High Hopes,Panic! At The Disco,6225405
938,103,Estamos Bien,Bad Bunny,6171332
939,107,DDU-DU DDU-DU - KR Ver.,BLACKPINK,6003427
940,108,Boo'd Up,Ella Mai,5974868
941,116,Vaina Loca,Ozuna,5832230
942,127,I'm a Mess,Bebe Rexha,5316167
943,132,Wake Me Up,Avicii,5094205
944,137,Shotgun,George Ezra,4902479
945,140,Like To Be You feat. Julia Michaels,Shawn Mendes,4801036
946,146,Enemies,Lauv,4702633
947,148,Asesina,Brytiago,4699052
948,156,ocean eyes,Billie Eilish,4505905
949,163,Dance To This (feat. Ariana Grande),Troye Sivan,4361017
950,169,Bigger Than You (feat. Drake & Quavo),2 Chainz,4281023
951,173,Better Not (feat. Wafia),Louis The Child,4211691
952,177,"Big Bank feat. 2 Chainz, Big Sean, Nicki Minaj",YG,4162724
953,181,Simple,Florida Georgia Line,4103927
954,194,Guatemala - From Swaecation,Rae Sremmurd,3966954
955,2,FEFE (feat. Nicki Minaj & Murda Beatz),6ix9ine,31741382
956,4,No Brainer,DJ Khaled,26590758
957,9,God is a woman,Ariana Grande,22382886
958,13,Eastside (with Halsey & Khalid),benny blanco,20234973
959,18,Don’t Matter To Me (with Michael Jackson),Drake,16158645
960,21,In My Mind,Dynoro,15098436
961,26,Back To You - From 13 Reasons Why – Season 2 Soundtrack,Selena Gomez,13600148
962,50,Happy Now,Zedd,8932854
963,53,Summertime Magic,Childish Gambino,8436793
964,56,SWISH,Tyga,7970077
965,58,Natural,Imagine Dragons,7955358
966,63,you should see me in a crown,Billie Eilish,7712358
967,66,One Day (feat. Ryan Tedder),Logic,7421692
968,76,Mi Cama - Remix,Karol G,6601932
969,77,Don't Leave Me Alone (feat. Anne-Marie),David Guetta,6599011
970,80,Wasted (feat. Lil Uzi Vert),Juice WRLD,6430332
971,82,Only You (with Little Mix),Cheat Codes,6367797
972,91,Be Alright,Dean Lewis,6131797
973,97,Calypso,Luis Fonsi,5833656
974,101,Connection,OneRepublic,5680485
975,105,Side Effects (feat. Emily Warren),The Chainsmokers,5459269
976,108,No Me Acuerdo,Thalía,5404977
977,111,Darkside,Alan Walker,5229016
978,136,Hopeless Romantic (feat. Swae Lee),Wiz Khalifa,4628829
979,141,TELÉFONO,Aitana,4436815
980,144,I Might Need Security,Chance the Rapper,4379977
981,150,Medicina,Anitta,4303105
982,153,No Quiero Amarte (feat. Zion & Lennox),Justin Quiles,4224484
983,154,Toda - Remix,Alex Rose,4215702
984,155,Lie,NF,4208622
985,167,Let Me Down Slowly,Alec Benjamin,4062896
986,178,Let Me Live (feat. Anne-Marie & Mr Eazi),Rudimental,3851171
987,179,Hipócrita,Anuel Aa,3850951
988,180,Fr Fr (feat. Lil Skies),Wiz Khalifa,3845478
989,189,Bohemian Rhapsody - Remastered 2011,Queen,3778619
990,193,Don't Stop Believin',Journey,3752576
991,200,Whenever (feat. Conor Maynard),Kris Kross Amsterdam,3690390
992,5,SICKO MODE,Travis Scott,22881136
993,10,breathin,Ariana Grande,20258393
994,13,Promises (with Sam Smith),Calvin Harris,18917996
995,19,Body (feat. brando),Loud Luxury,16136787
996,30,Beautiful (feat. Camila Cabello),Bazzi,12052133
997,33,STARGAZING,Travis Scott,11688441
998,50,IDOL,BTS,8513435
999,52,everytime,Ariana Grande,8364263
1000,60,Cuando Te Besé,Becky G,7367664
1001,62,sweetener,Ariana Grande,7225329
1002,69,Mala Mía,Maluma,6976754
1003,78,Thunderclouds,Sia,6723267
1004,84,Lean Wit Me,Juice WRLD,6354225
1005,85,YOSEMITE,Travis Scott,6342693
1006,92,Taking A Walk,Trippie Redd,6082869
1007,94,"BIG BANK (feat. 2 Chainz, Big Sean, Nicki Minaj)",YG,6058619
1008,95,High On Life (feat. Bonn),Martin Garrix,5940166
1009,101,Tie Me Down (with Elley Duhé),Gryffin,5596623
1010,102,Mo Bamba,Sheck Wes,5550436
1011,109,WORKIN ME,Quavo,5402033
1012,110,Goodbye (feat. Nicki Minaj & Willy William),Jason Derulo,5361247
1013,111,Me Dijeron,Ozuna,5282640
1014,113,Quiere Beber,Anuel Aa,5154461
1015,119,Euphoria,BTS,5032951
1016,122,R.E.M,Ariana Grande,4953211
1017,127,Risiko,Bonez MC,4811649
1018,132,goodnight n go,Ariana Grande,4631994
1019,133,Ibiza,Ozuna,4624759
1020,137,I'm Fine,BTS,4584909
1021,139,Celoso,Lele Pons,4570386
1022,141,Barbie Dreams,Nicki Minaj,4541574
1023,142,WAKE UP,Travis Scott,4531547
1024,147,pete davidson,Ariana Grande,4427085
1025,149,Blah Blah Blah,Armin van Buuren,4391830
1026,158,The Return,Logic,4289914
1027,160,Aura,Ozuna,4275939
1028,161,Chanel (Go Get It) [feat. Gunna & Lil Baby],Young Thug,4274274
1029,162,Chica Paranormal,Paulo Londra,4265910
1030,172,Trivia 轉 : Seesaw,BTS,4147512
1031,173,Culpables,Manuel Turizo,4131944
1032,175,CAROUSEL,Travis Scott,4071572
1033,178,Melodien (feat. Juju),Capital Bra,4032606
1034,179,Nephew (feat. Lil Pump),Smokepurpp,4029261
1035,180,CAN'T SAY,Travis Scott,3998963
1036,181,STOP TRYING TO BE GOD,Travis Scott,3990106
1037,182,Trivia 起 : Just Dance,BTS,3984039
1038,186,500 PS,Bonez MC,3968782
1039,189,Drew Barrymore,Bryce Vine,3957123
1040,191,Serendipity (Full Length Edition),BTS,3929171
1041,199,Right Now,Nick Jonas,3821018
1042,1,I Love It (& Lil Pump),Kanye West,33921412
1043,2,Falling Down - Bonus Track,Lil Peep,32511658
1044,8,Lucky You (feat. Joyner Lucas),Eminem,21396072
1045,12,Better,Khalid,17251714
1046,15,Electricity (with Dua Lipa),Silk City,15870224
1047,17,BEBE,6ix9ine,15026546
1048,23,Killshot,Eminem,13711262
1049,25,New Patek,Lil Uzi Vert,13518892
1050,27,Wake Up in the Sky,Gucci Mane,12483696
1051,36,No Stylist,French Montana,11380668
1052,52,Noticed,Lil Mosey,9253914
1053,53,REMEDY,Alesso,9070487
1054,54,The Ringer,Eminem,9011135
1055,57,This Feeling (feat. Kelsea Ballerini),The Chainsmokers,8945403
1056,59,Drip Too Hard,Lil Baby,8332966
1057,69,Fall,Eminem,7653173
1058,72,Love Someone,Lukas Graham,7141694
1059,79,Amigos Con Derechos,Reik,6886640
1060,85,RAP DEVIL,Machine Gun Kelly,6750602
1061,86,SLOW DANCING IN THE DARK,Joji,6748949
1062,88,Not Alike (feat. Royce Da 5'9),Eminem,6514798
1063,92,Say My Name,David Guetta,6388270
1064,93,Ya No Tiene Novio,Sebastian Yatra,6383094
1065,102,Self Care,Mac Miller,6069881
1066,106,Let You Love Me,Rita Ora,5912403
1067,109,Leave Me Alone,Flipp Dinero,5764667
1068,113,Venom - Music From The Motion Picture,Eminem,5601837
1069,117,Greatest,Eminem,5494994
1070,119,8 Letters,Why Don't We,5461508
1071,127,Trip,Ella Mai,5298942
1072,133,Kamikaze,Eminem,5082532
1073,137,Want To,Dua Lipa,4910535
1074,148,REEL IT IN,Aminé,4669251
1075,152,Kokain,Bonez MC,4601151
1076,155,All I Am,Jess Glynne,4546474
1077,157,90MIN,Salmo,4531697
1078,168,Ciumeira - Ao Vivo,Marília Mendonça,4276484
1079,173,INTERNATIONAL GANGSTAS,Farid Bang,4227364
1080,178,"Zero - From the Original Motion Picture ""Ralph Breaks The Internet""",Imagine Dragons,4157114
1081,179,Creep On Me,GASHI,4154838
1082,181,Head Above Water,Avril Lavigne,4126472
1083,183,UFF,Veysel,4104415
1084,186,BONNIE & CLYDE,Loredana,4077518
1085,193,Feels Like Summer,Childish Gambino,4003324
1086,194,Lust,Lil Skies,3968042
1087,197,Guiding Light,Mumford & Sons,3950404
1088,1,"Taki Taki (with Selena Gomez, Ozuna & Cardi B)",DJ Snake,40096470
1089,2,MIA (feat. Drake),Bad Bunny,33790813
1090,4,ZEZE (feat. Travis Scott & Offset),Kodak Black,25675014
1091,5,Sunflower - Spider-Man: Into the Spider-Verse,Post Malone,25233843
1092,6,Shallow,Lady Gaga,24206277
1093,8,Without Me,Halsey,21400500
1094,16,Kiss and Make Up,Dua Lipa,15971199
1095,18,when the party's over,Billie Eilish,15651708
1096,21,Fine China,Future,14436312
1097,23,Drip Too Hard (Lil Baby & Gunna),Lil Baby,14388842
1098,26,Suncity (feat. Empress Of),Khalid,13693043
1099,31,Sweet but Psycho,Ava Max,12295793
1100,37,Woman Like Me (feat. Nicki Minaj),Little Mix,11270006
1101,51,Always Remember Us This Way,Lady Gaga,9376443
1102,53,"Never Recover (Lil Baby & Gunna, Drake)",Lil Baby,9021200
1103,56,Ruin My Life,Zara Larsson,8778779
1104,65,STOOPID,6ix9ine,8332847
1105,66,Saturday Nights,Khalid,8103764
1106,81,Vertigo,Khalid,7437136
1107,82,There's No Way (feat. Julia Michaels),Lauv,7158199
1108,87,Mona Lisa (feat. Kendrick Lamar),Lil Wayne,6744347
1109,96,Hard Work Pays Off,Future,6291947
1110,101,Imposible,Luis Fonsi,6119459
1111,121,PPP,Kevin Roldan,5525340
1112,123,Jet Lag (feat. Young Scooter),Future,5492731
1113,131,Diamond Heart,Alan Walker,5291047
1114,132,Get Dripped (feat. Playboi Carti),Lil Yachty,5245232
1115,140,PASS OUT (feat. 21 Savage),Quavo,5083514
1116,141,Motion,Khalid,5003165
1117,142,1999,Charli XCX,4990814
1118,154,Uproar,Lil Wayne,4715404
1119,158,Consequences - orchestra,Camila Cabello,4671543
1120,159,My Blood,Twenty One Pilots,4654803
1121,162,Lost In Japan - Remix,Shawn Mendes,4623438
1122,168,Está Rico,Marc Anthony,4563741
1123,169,I'll Never Love Again - Film Version - Radio Edit,Lady Gaga,4544688
1124,174,Look What I Found,Lady Gaga,4461695
1125,175,Astronauts,Future,4442837
1126,177,Polaroid,Jonas Blue,4408684
1127,180,Roli Glitzer Glitzer (feat. Luciano & Eno),Capital Bra,4361757
1128,181,Cry Alone,Lil Peep,4345605
1129,188,Tanta Falta,Bryant Myers,4221104
1130,189,Don't Cry (feat. XXXTENTACION),Lil Wayne,4207686
1131,193,"Standard (feat. Trettmann, Gringo, Ufo361 & Gzuz)",KitschKrieg,4174519
1132,196,Yacht Club (feat. Juice WRLD),Lil Yachty,4125479
1133,197,Make It Back,Juice WRLD,4026639
1134,198,idontwannabeyouanymore,Billie Eilish,4009702
1135,1,"thank u, next",Ariana Grande,45530537
1136,8,Arms Around You (feat. Maluma & Swae Lee),XXXTENTACION,20003115
1137,12,BAD!,XXXTENTACION,17569774
1138,19,Adan y Eva,Paulo Londra,14065676
1139,36,Another One Bites The Dust - Remastered 2011,Queen,11035989
1140,37,Happy Now (feat. Sandro Cavazza),Kygo,10974050
1141,45,Close To Me (with Diplo) (feat. Swae Lee),Ellie Goulding,10035568
1142,47,Armed And Dangerous,Juice WRLD,9880877
1143,51,Don't Stop Me Now - Remastered,Queen,9119911
1144,52,Somebody To Love - Remastered 2011,Queen,9096829
1145,56,Ella Quiere Beber - Remix,Anuel Aa,8547839
1146,59,Under Pressure - Remastered,Queen,8348862
1147,62,Topanga,Trippie Redd,8230959
1148,67,10 Freaky Girls (with 21 Savage),Metro Boomin,7763205
1149,68,This Feeling,The Chainsmokers,7683454
1150,69,Money,Cardi B,7674436
1151,72,SOLO,JENNIE,7589561
1152,75,Beach House,The Chainsmokers,7469310
1153,81,We Will Rock You - Remastered,Queen,7198189
1154,82,Bubalu,Becky G,7183482
1155,87,I Found You (with Calvin Harris),benny blanco,7064405
1156,88,Killer Queen - Remastered 2011,Queen,6981015
1157,97,Calma - Remix,Pedro Capó,6657050
1158,101,Waste It On Me (feat. BTS),Steve Aoki,6517200
1159,106,POP/STARS,K/DA,6164961
1160,107,"Thunderclouds (with Sia, Diplo & Labrinth)",Sia,6060770
1161,113,Adictiva,Daddy Yankee,5848010
1162,118,Don't Come Out The House (with 21 Savage),Metro Boomin,5786889
1163,122,Desconocidos,Mau y Ricky,5636761
1164,124,Asesina - Remix,Brytiago,5591120
1165,129,Space Cadet (feat. Gunna),Metro Boomin,5501560
1166,133,Take One,Kodak Black,5380311
1167,135,1400 / 999 Freestyle,Trippie Redd,5326559
1168,144,Empty Space,James Arthur,5072633
1169,145,bellyache,Billie Eilish,5031601
1170,155,Créeme,Karol G,4849329
1171,168,We Are The Champions - Remastered 2011,Queen,4535541
1172,170,Hurts Like Hell (feat. Offset),Madison Beer,4519238
1173,180,What Lovers Do,Maroon 5,4327173
1174,181,come out and play,Billie Eilish,4308375
1175,190,Crazy Little Thing Called Love - Remastered 2011,Queen,4205776
1176,194,Dip (feat. Nicki Minaj),Tyga,4175191
1177,195,Atrasadinha - Ao Vivo,Felipe Araújo,4157396
1178,199,Veneno,Anitta,4128423
